CNES;CODUFMUN;COD_CEP;CPF_CNPJ;PF_PJ;def_pf_pj;NIV_DEP;def_niv_dep;CNPJ_MAN;COD_IR;def_cod_ir;REGSAUDE;MICR_REG;DISTRSAN;DISTRADM;VINC_SUS;TPGESTAO;def_tpgestao;ESFERA_A;def_esfera_a;RETENCAO;def_retencao;ATIVIDAD;def_atividad;NATUREZA;def_natureza;CLIENTEL;def_clientel;TP_UNID;def_tp_unid;TURNO_AT;def_turno_at;NIV_HIER;def_niv_hier;TP_PREST;def_tp_prest;CO_BANCO;CO_AGENC;C_CORREN;CONTRATM;DT_PUBLM;CONTRATE;DT_PUBLE;ALVARA;DT_EXPED;ORGEXPED;def_orgexped;AV_ACRED;def_av_acred;CLASAVAL;def_clasaval;DT_ACRED;AV_PNASS;def_av_pnass;DT_PNASS;GESPRG1E;GESPRG1M;GESPRG2E;GESPRG2M;GESPRG4E;GESPRG4M;NIVATE_A;GESPRG3E;GESPRG3M;GESPRG5E;GESPRG5M;GESPRG6E;GESPRG6M;NIVATE_H;QTLEITP1;QTLEITP2;QTLEITP3;LEITHOSP;QTINST01;QTINST02;QTINST03;QTINST04;QTINST05;QTINST06;QTINST07;QTINST08;QTINST09;QTINST10;QTINST11;QTINST12;QTINST13;QTINST14;URGEMERG;QTINST15;QTINST16;QTINST17;QTINST18;QTINST19;QTINST20;QTINST21;QTINST22;QTINST23;QTINST24;QTINST25;QTINST26;QTINST27;QTINST28;QTINST29;QTINST30;ATENDAMB;QTINST31;QTINST32;QTINST33;CENTRCIR;QTINST34;QTINST35;QTINST36;QTINST37;CENTROBS;QTLEIT05;QTLEIT06;QTLEIT07;QTLEIT08;QTLEIT09;QTLEIT19;QTLEIT20;QTLEIT21;QTLEIT22;QTLEIT23;QTLEIT32;QTLEIT34;QTLEIT38;QTLEIT39;QTLEIT40;CENTRNEO;ATENDHOS;SERAP01P;SERAP01T;SERAP02P;SERAP02T;SERAP03P;SERAP03T;SERAP04P;SERAP04T;SERAP05P;SERAP05T;SERAP06P;SERAP06T;SERAP07P;SERAP07T;SERAP08P;SERAP08T;SERAP09P;SERAP09T;SERAP10P;SERAP10T;SERAP11P;SERAP11T;SERAPOIO;RES_BIOL;RES_QUIM;RES_RADI;RES_COMU;COLETRES;COMISS01;COMISS02;COMISS03;COMISS04;COMISS05;COMISS06;COMISS07;COMISS08;COMISS09;COMISS10;COMISS11;COMISS12;COMISSAO;AP01CV01;AP01CV02;AP01CV05;AP01CV06;AP01CV03;AP01CV04;AP02CV01;AP02CV02;AP02CV05;AP02CV06;AP02CV03;AP02CV04;AP03CV01;AP03CV02;AP03CV05;AP03CV06;AP03CV03;AP03CV04;AP04CV01;AP04CV02;AP04CV05;AP04CV06;AP04CV03;AP04CV04;AP05CV01;AP05CV02;AP05CV05;AP05CV06;AP05CV03;AP05CV04;AP06CV01;AP06CV02;AP06CV05;AP06CV06;AP06CV03;AP06CV04;AP07CV01;AP07CV02;AP07CV05;AP07CV06;AP07CV03;AP07CV04;ATEND_PR;DT_ATUAL;COMPETEN;ano_competen;mes_competen;def_competen;mun_MUNNOME;mun_MUNNOMEX;mun_AMAZONIA;mun_FRONTEIRA;mun_CAPITAL;mun_MSAUDCOD;mun_RSAUDCOD;mun_CSAUDCOD;mun_LATITUDE;mun_LONGITUDE;mun_ALTITUDE;mun_AREA;mun_codigo_adotado;uf_SIGLA_UF;uf_CODIGO_UF;uf_NOME_UF;mun_coordenadas
2554852;170025;77693000;00000000000000;3;Jurídica;3;Mantida;37425451000180;;;;;;;1;M;MUNICIPAL;;;;;04;Unidade SEM atividade de Ensino;;;03;Atendimento de demanda espontânea e referenciada;02;CENTRO DE SAUDE/UNIDADE BASICA;03;ATENDIMENTOS NOS TURNOS DA MANHA E A TARDE;;;99;TIPO DE PRESTADOR NÃO INFORMADO;;;;;;;;0015/2009;20090330;2;SMS;;;;;;;;;0;1;0;0;0;0;1;0;0;0;0;0;0;0;0;0;0;0;0;0;0;0;0;0;0;0;0;0;0;0;0;0;0;1;0;0;0;0;0;0;1;1;0;1;1;0;0;1;0;1;0;0;0;0;0;0;0;0;0;0;0;0;0;0;0;0;0;5;0;0;0;0;0;0;0;0;1;0;0;0;1;0;1;0;0;0;0;0;0;0;0;0;0;1;1;0;0;0;1;1;1;0;1;1;0;0;0;0;0;0;0;0;0;0;0;0;0;0;0;0;0;0;0;1;0;0;0;0;0;0;0;0;0;0;0;0;0;0;0;0;0;0;0;0;0;0;0;0;0;0;0;0;0;0;0;0;0;0;0;1;201808;201901;2019;01;2019/01;Abreulândia;ABREULANDIA;S;N;N;1790;1708;17900;-9.621;-49.151;245;1895.201;170025;TO;17;TOCANTINS;-9.62100,-49.15100
2765748;170025;77693000;00000000000000;3;Jurídica;3;Mantida;37425451000180;;;;;;;1;M;MUNICIPAL;;;;;04;Unidade SEM atividade de Ensino;;;01;Atendimento de demanda espontânea;50;UNIDADE DE VIGILANCIA EM SAUDE;03;ATENDIMENTOS NOS TURNOS DA MANHA E A TARDE;;;99;TIPO DE PRESTADOR NÃO INFORMADO;;;;;;;;0003/2008;20080318;2;SMS;;;;;;;;;0;1;0;0;0;0;1;0;0;0;0;0;0;0;0;0;0;0;0;0;0;0;0;0;0;0;0;0;0;0;0;0;0;0;0;0;0;0;0;0;0;0;0;0;0;0;0;0;0;0;0;0;0;0;0;0;0;0;0;0;0;0;0;0;0;0;0;0;0;0;0;0;0;0;0;0;0;0;0;0;0;0;0;0;0;0;0;0;0;0;0;0;0;0;0;0;0;0;0;0;0;0;0;0;0;0;0;0;0;0;0;0;0;0;0;0;0;0;0;0;0;0;0;0;0;0;0;0;0;0;0;0;0;0;0;0;0;0;0;0;0;0;0;0;0;0;0;1;0;0;0;0;0;0;0;0;0;0;0;1;201810;201901;2019;01;2019/01;Abreulândia;ABREULANDIA;S;N;N;1790;1708;17900;-9.621;-49.151;245;1895.201;170025;TO;17;TOCANTINS;-9.62100,-49.15100
6690262;170025;77693000;00000000000000;3;Jurídica;3;Mantida;37425451000180;;;;;;;1;M;MUNICIPAL;;;;;04;Unidade SEM atividade de Ensino;;;03;Atendimento de demanda espontânea e referenciada;68;CENTRAL DE GESTAO EM SAUDE;03;ATENDIMENTOS NOS TURNOS DA MANHA E A TARDE;;;99;TIPO DE PRESTADOR NÃO INFORMADO;;;;;;;;001;20110119;2;SMS;;;;;;;;;0;0;0;1;0;0;1;0;0;0;0;0;0;0;0;0;0;0;0;0;0;0;0;0;0;0;0;0;0;0;0;0;0;0;0;0;0;0;0;0;0;0;0;0;0;0;0;0;0;0;0;0;0;0;0;0;0;0;0;0;0;0;0;0;0;0;0;0;0;0;0;0;0;0;0;0;0;0;0;0;0;0;0;0;0;0;0;0;0;0;0;0;0;0;0;0;0;0;0;0;0;0;0;0;0;0;0;0;0;0;0;0;0;0;0;0;0;0;0;0;0;0;0;1;0;0;0;0;0;0;0;0;0;0;0;0;0;0;0;0;0;0;0;0;0;0;0;0;0;0;0;0;0;0;0;0;0;0;0;1;201901;201901;2019;01;2019/01;Abreulândia;ABREULANDIA;S;N;N;1790;1708;17900;-9.621;-49.151;245;1895.201;170025;TO;17;TOCANTINS;-9.62100,-49.15100
2600439;170030;77908000;00000000000000;3;Jurídica;3;Mantida;01634074000142;;;;;;;1;M;MUNICIPAL;;;;;04;Unidade SEM atividade de Ensino;;;03;Atendimento de demanda espontânea e referenciada;02;CENTRO DE SAUDE/UNIDADE BASICA;06;ATENDIMENTO CONTINUO DE 24 HORAS/DIA (PLANTAO: INCLUI SABADOS DOMINGOS E FERIADOS);;;99;TIPO DE PRESTADOR NÃO INFORMADO;;;;;;;;;;;;;;;;;;;;0;1;0;1;0;0;1;0;0;0;0;0;0;0;0;0;0;0;0;0;0;0;0;0;0;0;0;0;0;0;0;0;0;0;0;1;0;0;0;0;0;2;0;1;1;0;0;1;0;1;0;0;0;0;0;0;0;0;0;0;0;0;0;0;0;0;0;0;0;0;0;0;0;0;0;0;1;0;0;0;1;0;1;0;0;0;0;0;0;0;0;0;0;1;1;0;0;0;1;1;1;0;1;1;0;0;0;0;0;0;0;0;0;0;0;0;0;0;0;0;0;0;0;1;0;0;0;0;0;1;0;0;0;0;0;0;0;0;0;0;0;0;0;0;0;0;0;0;0;0;0;0;0;0;0;0;0;0;0;1;201901;201901;2019;01;2019/01;Aguiarnópolis;AGUIARNOPOLIS;S;N;N;1790;1701;17900;-6.563;-47.466;150;235.391;170030;TO;17;TOCANTINS;-6.56300,-47.46600
3503690;170030;77908000;00000000000000;3;Jurídica;3;Mantida;01634074000142;;;;;;;1;M;MUNICIPAL;;;;;04;Unidade SEM atividade de Ensino;;;03;Atendimento de demanda espontânea e referenciada;50;UNIDADE DE VIGILANCIA EM SAUDE;03;ATENDIMENTOS NOS TURNOS DA MANHA E A TARDE;;;99;TIPO DE PRESTADOR NÃO INFORMADO;;;;;;;;;;;;;;;;;;;;0;1;0;0;0;0;1;0;0;0;0;0;0;0;0;0;0;0;0;0;0;0;0;0;0;0;0;0;0;0;0;0;0;0;0;0;0;0;0;0;0;0;0;0;0;0;0;0;0;0;0;0;0;0;0;0;0;0;0;0;0;0;0;0;0;0;0;0;0;0;0;0;0;0;0;0;1;0;0;0;0;0;0;0;0;0;0;0;0;0;0;0;0;0;0;0;0;0;1;0;0;0;1;1;0;0;0;0;0;0;0;0;0;0;0;0;0;0;0;0;0;0;0;0;0;0;0;0;0;0;0;0;0;0;0;0;0;0;0;0;0;0;0;0;0;0;0;1;0;0;0;0;0;0;0;0;0;0;0;1;201901;201901;2019;01;2019/01;Aguiarnópolis;AGUIARNOPOLIS;S;N;N;1790;1701;17900;-6.563;-47.466;150;235.391;170030;TO;17;TOCANTINS;-6.56300,-47.46600
3503755;170030;77908000;00000000000000;3;Jurídica;3;Mantida;01634074000142;;;;;;;1;M;MUNICIPAL;;;;;04;Unidade SEM atividade de Ensino;;;03;Atendimento de demanda espontânea e referenciada;50;UNIDADE DE VIGILANCIA EM SAUDE;03;ATENDIMENTOS NOS TURNOS DA MANHA E A TARDE;;;99;TIPO DE PRESTADOR NÃO INFORMADO;;;;;;;;;;;;;;;;;;;;0;1;0;0;0;0;1;0;0;0;0;0;0;0;0;0;0;0;0;0;0;0;0;0;0;0;0;0;0;0;0;0;0;0;0;0;0;0;0;0;0;0;0;0;0;0;0;0;0;0;0;0;0;0;0;0;0;0;0;0;0;0;0;0;0;0;0;0;0;0;0;0;0;0;0;0;0;0;0;0;0;0;0;0;0;0;0;0;0;0;0;0;0;0;0;0;0;0;0;0;0;0;1;1;0;0;0;0;0;0;0;0;0;0;0;0;0;0;0;0;0;0;0;0;0;0;0;0;0;0;0;0;0;0;0;0;0;0;0;0;0;0;0;0;0;0;0;1;0;0;0;0;0;0;0;0;0;0;0;1;201901;201901;2019;01;2019/01;Aguiarnópolis;AGUIARNOPOLIS;S;N;N;1790;1701;17900;-6.563;-47.466;150;235.391;170030;TO;17;TOCANTINS;-6.56300,-47.46600
6550207;170030;77908000;00000000000000;3;Jurídica;3;Mantida;01634074000142;;;;;;;1;M;MUNICIPAL;;;;;01;Unidade Universitária;;;03;Atendimento de demanda espontânea e referenciada;68;CENTRAL DE GESTAO EM SAUDE;06;ATENDIMENTO CONTINUO DE 24 HORAS/DIA (PLANTAO: INCLUI SABADOS DOMINGOS E FERIADOS);;;99;TIPO DE PRESTADOR NÃO INFORMADO;;;;;;;;006;20100629;1;SES;;;;;;;;;0;1;0;1;0;0;1;0;0;0;0;0;0;0;0;0;0;0;0;0;0;0;0;0;0;0;0;0;0;0;0;0;0;0;0;0;0;0;0;0;0;0;0;0;0;0;0;0;0;0;0;0;0;0;0;0;0;0;0;0;0;0;0;0;0;0;0;0;0;0;0;0;0;0;0;0;0;0;0;0;0;0;0;0;0;0;0;0;0;0;0;0;0;0;0;0;0;0;0;0;0;0;1;1;0;0;0;0;0;0;0;0;0;0;0;0;0;0;0;0;0;0;0;1;0;0;0;0;0;1;0;0;0;0;0;0;0;0;0;0;0;0;0;0;0;0;0;0;0;0;0;0;0;0;0;0;0;0;0;1;201901;201901;2019;01;2019/01;Aguiarnópolis;AGUIARNOPOLIS;S;N;N;1790;1701;17900;-6.563;-47.466;150;235.391;170030;TO;17;TOCANTINS;-6.56300,-47.46600
9233164;170030;77908000;00000000000000;3;Jurídica;3;Mantida;01634074000142;;;;;;;1;M;MUNICIPAL;;;;;04;Unidade SEM atividade de Ensino;;;03;Atendimento de demanda espontânea e referenciada;02;CENTRO DE SAUDE/UNIDADE BASICA;03;ATENDIMENTOS NOS TURNOS DA MANHA E A TARDE;;;99;TIPO DE PRESTADOR NÃO INFORMADO;;;;;;;;;;;;;;;;;;;;0;1;0;0;0;0;1;0;0;0;0;0;0;0;0;0;0;0;0;0;0;0;0;0;0;0;0;0;0;0;0;0;0;0;0;1;0;0;0;0;0;1;0;1;1;0;0;1;0;1;0;0;0;0;0;0;0;0;0;0;0;0;0;0;0;0;0;0;0;0;0;0;0;0;0;0;1;0;0;0;0;0;1;0;0;0;0;0;0;0;0;0;0;1;1;0;0;0;1;1;1;0;1;1;0;0;0;0;0;0;0;0;0;0;0;0;0;0;0;0;0;0;0;1;0;0;0;0;0;1;0;0;0;0;0;0;0;0;0;0;0;0;0;0;0;0;0;0;0;0;0;0;0;0;0;0;0;0;0;1;201901;201901;2019;01;2019/01;Aguiarnópolis;AGUIARNOPOLIS;S;N;N;1790;1701;17900;-6.563;-47.466;150;235.391;170030;TO;17;TOCANTINS;-6.56300,-47.46600
9528458;170030;77908000;00000000000000;3;Jurídica;3;Mantida;01634074000142;;;;;;;1;M;MUNICIPAL;;;;;04;Unidade SEM atividade de Ensino;;;01;Atendimento de demanda espontânea;74;POLO ACADEMIA DA SAUDE;03;ATENDIMENTOS NOS TURNOS DA MANHA E A TARDE;;;99;TIPO DE PRESTADOR NÃO INFORMADO;;;;;;;;;;;;;;;;;;;;0;1;0;0;0;0;1;0;0;0;0;0;0;0;0;0;0;0;0;0;0;0;0;0;0;0;0;0;0;0;0;0;0;0;0;0;1;0;0;0;0;0;0;0;0;0;0;0;0;1;0;0;0;0;0;0;0;0;0;0;0;0;0;0;0;0;0;0;0;0;0;0;0;0;0;0;0;0;0;0;0;0;0;0;0;0;0;0;0;0;0;0;0;0;0;0;0;0;0;0;0;0;1;1;0;0;0;0;0;0;0;0;0;0;0;0;0;0;0;0;0;0;0;1;0;0;0;0;0;0;0;0;0;0;0;0;0;0;0;0;0;0;0;0;0;0;0;0;0;0;0;0;0;0;0;0;0;0;0;1;201901;201901;2019;01;2019/01;Aguiarnópolis;AGUIARNOPOLIS;S;N;N;1790;1701;17900;-6.563;-47.466;150;235.391;170030;TO;17;TOCANTINS;-6.56300,-47.46600
2600382;170035;77455000;00000000000000;3;Jurídica;3;Mantida;25042219000184;;;01;;;;1;M;MUNICIPAL;;;;;04;Unidade SEM atividade de Ensino;;;03;Atendimento de demanda espontânea e referenciada;02;CENTRO DE SAUDE/UNIDADE BASICA;03;ATENDIMENTOS NOS TURNOS DA MANHA E A TARDE;;;99;TIPO DE PRESTADOR NÃO INFORMADO;;;;;;;;037/2003;20030602;2;SMS;;;;;;;;;0;1;0;1;0;0;1;0;0;0;0;0;0;0;0;0;0;0;0;0;0;0;0;0;0;0;0;0;0;0;0;0;0;1;0;0;2;0;0;0;0;1;0;1;1;0;0;1;0;1;0;0;0;0;0;0;0;0;0;0;0;0;0;0;0;0;0;0;0;0;0;0;0;0;0;0;1;0;0;0;1;0;1;0;0;0;0;0;0;0;0;0;0;1;0;0;0;0;1;1;1;0;1;1;0;0;0;0;0;0;0;0;0;0;0;0;0;0;0;0;0;0;0;1;0;0;0;0;0;1;0;0;0;0;0;0;0;0;0;0;0;0;0;0;0;0;0;0;0;0;0;0;0;0;0;0;0;0;0;1;201901;201901;2019;01;2019/01;Aliança do Tocantins;ALIANCA DO TOCANTINS;S;N;N;1790;1707;17900;-11.306;-48.936;333;1579.742;170035;TO;17;TOCANTINS;-11.30600,-48.93600
2600463;170035;77455000;00000000000000;3;Jurídica;3;Mantida;25042219000184;;;01;;;;1;M;MUNICIPAL;;;;;04;Unidade SEM atividade de Ensino;;;03;Atendimento de demanda espontânea e referenciada;02;CENTRO DE SAUDE/UNIDADE BASICA;03;ATENDIMENTOS NOS TURNOS DA MANHA E A TARDE;;;99;TIPO DE PRESTADOR NÃO INFORMADO;;;;;;;;036/2003;20030602;2;SMS;;;;;;;;;0;1;0;0;0;0;1;0;0;0;0;0;0;0;0;0;0;0;0;0;0;0;0;0;0;0;0;0;0;0;0;0;0;2;0;0;2;0;0;0;0;2;0;1;1;0;0;1;0;1;0;0;0;0;0;0;0;0;0;0;0;0;0;0;0;0;0;0;0;0;0;0;0;0;0;0;1;0;0;0;1;0;1;0;0;0;0;0;0;0;0;0;0;0;0;0;0;0;1;1;1;0;1;1;0;0;0;0;0;0;0;0;0;0;0;0;0;0;0;0;0;0;0;1;0;0;0;0;0;1;0;0;0;0;0;0;0;0;0;0;0;0;0;0;0;0;0;0;0;0;0;0;0;0;0;0;0;0;0;1;201901;201901;2019;01;2019/01;Aliança do Tocantins;ALIANCA DO TOCANTINS;S;N;N;1790;1707;17900;-11.306;-48.936;333;1579.742;170035;TO;17;TOCANTINS;-11.30600,-48.93600
2600498;170035;77455000;00000000000000;3;Jurídica;3;Mantida;25042219000184;;;001;;;;1;M;MUNICIPAL;;;;;04;Unidade SEM atividade de Ensino;;;03;Atendimento de demanda espontânea e referenciada;73;PRONTO ATENDIMENTO;06;ATENDIMENTO CONTINUO DE 24 HORAS/DIA (PLANTAO: INCLUI SABADOS DOMINGOS E FERIADOS);;;99;TIPO DE PRESTADOR NÃO INFORMADO;;;;;;;;;;;;;;;;;;;;0;1;0;1;0;0;1;0;0;0;0;0;0;0;0;0;0;0;0;0;0;0;0;0;0;0;0;0;0;0;0;1;1;0;0;0;0;2;1;1;0;0;0;0;0;0;0;1;0;1;0;0;0;0;0;0;0;0;0;0;0;0;0;0;9;2;8;0;0;0;0;0;0;0;0;0;1;0;0;0;1;0;1;0;0;0;0;0;0;0;0;0;0;1;1;0;0;0;1;1;0;0;1;1;0;0;0;0;0;0;0;0;0;0;0;0;0;0;0;0;0;0;0;1;0;0;0;0;0;0;0;0;0;0;0;1;0;0;0;0;0;0;0;0;0;0;0;0;0;0;0;0;0;0;0;0;0;0;0;1;201901;201901;2019;01;2019/01;Aliança do Tocantins;ALIANCA DO TOCANTINS;S;N;N;1790;1707;17900;-11.306;-48.936;333;1579.742;170035;TO;17;TOCANTINS;-11.30600,-48.93600
5082102;170035;77455000;00000000000000;3;Jurídica;3;Mantida;25042219000184;;;;;;;1;M;MUNICIPAL;;;;;04;Unidade SEM atividade de Ensino;;;03;Atendimento de demanda espontânea e referenciada;50;UNIDADE DE VIGILANCIA EM SAUDE;03;ATENDIMENTOS NOS TURNOS DA MANHA E A TARDE;;;99;TIPO DE PRESTADOR NÃO INFORMADO;;;;;;;;;;;;;;;;;;;;0;1;0;0;0;0;1;0;0;0;0;0;0;0;0;0;0;0;0;0;0;0;0;0;0;0;0;0;0;0;0;0;0;0;0;0;0;0;0;0;0;0;0;0;0;0;0;0;0;0;0;0;0;0;0;0;0;0;0;0;0;0;0;0;0;0;0;0;0;0;0;0;0;0;0;0;0;0;0;0;0;0;0;0;0;0;0;0;0;0;0;0;0;0;0;0;0;0;0;0;0;0;1;1;0;0;0;0;0;0;0;0;0;0;0;0;0;0;0;0;0;0;0;0;0;0;0;0;0;0;0;0;0;0;0;0;0;0;0;0;0;0;0;0;0;0;0;1;0;0;0;0;0;0;0;0;0;0;0;1;201808;201901;2019;01;2019/01;Aliança do Tocantins;ALIANCA DO TOCANTINS;S;N;N;1790;1707;17900;-11.306;-48.936;333;1579.742;170035;TO;17;TOCANTINS;-11.30600,-48.93600
6133274;170035;77455000;09602551000280;3;Jurídica;1;Individual;00000000000000;;;;;;;1;M;MUNICIPAL;;;;;04;Unidade SEM atividade de Ensino;;;03;Atendimento de demanda espontânea e referenciada;39;UNIDADE DE APOIO DIAGNOSE E TERAPIA (SADT ISOLADO);03;ATENDIMENTOS NOS TURNOS DA MANHA E A TARDE;;;99;TIPO DE PRESTADOR NÃO INFORMADO;001;39721;87939;;;;;178/2008;20081208;1;SES;;;;;;;;;0;0;0;1;0;0;1;0;0;0;0;0;0;0;0;0;0;0;0;0;0;0;0;0;0;0;0;0;0;0;0;0;0;0;0;0;0;0;0;0;0;0;0;0;0;0;0;0;0;0;0;0;0;0;0;0;0;0;0;0;0;0;0;0;0;0;0;0;0;0;0;0;0;0;0;0;0;0;0;0;0;0;0;0;0;0;0;0;0;0;0;0;0;0;0;0;0;0;0;0;0;0;1;1;0;0;0;0;0;0;0;0;0;0;0;0;0;0;0;0;0;0;0;0;0;0;0;0;0;1;1;1;1;0;0;0;0;0;0;0;0;0;0;0;0;0;0;0;0;0;0;0;0;0;0;0;0;0;0;1;201410;201901;2019;01;2019/01;Aliança do Tocantins;ALIANCA DO TOCANTINS;S;N;N;1790;1707;17900;-11.306;-48.936;333;1579.742;170035;TO;17;TOCANTINS;-11.30600,-48.93600
7598181;170035;77455000;00000000000000;3;Jurídica;3;Mantida;25042219000184;;;;;;;1;M;MUNICIPAL;;;;;04;Unidade SEM atividade de Ensino;;;03;Atendimento de demanda espontânea e referenciada;68;CENTRAL DE GESTAO EM SAUDE;03;ATENDIMENTOS NOS TURNOS DA MANHA E A TARDE;;;99;TIPO DE PRESTADOR NÃO INFORMADO;;;;;;;;;;;;;;;;;;;;0;0;0;1;0;0;1;0;0;0;0;0;0;0;0;0;0;0;0;0;0;0;0;0;0;0;0;0;0;0;0;0;0;0;0;0;0;0;0;0;0;0;0;0;0;0;0;0;0;0;0;0;0;0;0;0;0;0;0;0;0;0;0;0;0;0;0;0;0;0;0;0;0;0;0;0;0;0;0;0;0;0;0;0;0;0;0;0;0;0;0;0;0;0;0;0;0;0;0;0;0;0;1;1;0;0;0;0;0;0;0;0;0;0;0;0;0;0;0;0;0;0;0;1;0;0;0;0;0;0;0;0;0;0;0;0;0;0;0;0;0;0;0;0;0;0;0;0;0;0;0;0;0;0;0;0;0;0;0;1;201805;201901;2019;01;2019/01;Aliança do Tocantins;ALIANCA DO TOCANTINS;S;N;N;1790;1707;17900;-11.306;-48.936;333;1579.742;170035;TO;17;TOCANTINS;-11.30600,-48.93600
7614209;170035;77455000;00000000000000;3;Jurídica;3;Mantida;25042219000184;;;;;;;1;M;MUNICIPAL;;;;;04;Unidade SEM atividade de Ensino;;;01;Atendimento de demanda espontânea;74;POLO ACADEMIA DA SAUDE;03;ATENDIMENTOS NOS TURNOS DA MANHA E A TARDE;;;99;TIPO DE PRESTADOR NÃO INFORMADO;;;;;;;;;;;;;;;;;;;;0;1;0;0;0;0;1;0;0;0;0;0;0;0;0;0;0;0;0;0;0;0;0;0;0;0;0;0;0;0;0;0;0;0;0;0;0;0;0;0;0;0;0;0;0;0;0;0;0;0;0;0;0;0;0;0;0;0;0;0;0;0;0;0;0;0;0;0;0;0;0;0;0;0;0;0;0;0;0;0;0;0;0;0;0;0;0;0;0;0;0;0;0;0;0;0;0;0;0;0;0;0;1;1;0;0;0;0;0;0;0;0;0;0;0;0;0;0;0;0;0;0;0;1;0;0;0;0;0;0;0;0;0;0;0;0;0;0;0;0;0;0;0;0;0;0;0;0;0;0;0;0;0;0;0;0;0;0;0;1;201808;201901;2019;01;2019/01;Aliança do Tocantins;ALIANCA DO TOCANTINS;S;N;N;1790;1707;17900;-11.306;-48.936;333;1579.742;170035;TO;17;TOCANTINS;-11.30600,-48.93600
2649276;170040;77310000;00000000000000;3;Jurídica;3;Mantida;01138551000189;;;;;;;1;D;DUPLA;;;;;04;Unidade SEM atividade de Ensino;;;03;Atendimento de demanda espontânea e referenciada;73;PRONTO ATENDIMENTO;06;ATENDIMENTO CONTINUO DE 24 HORAS/DIA (PLANTAO: INCLUI SABADOS DOMINGOS E FERIADOS);;;99;TIPO DE PRESTADOR NÃO INFORMADO;;;;;;;;;;;;;;;;;;;;0;1;1;0;0;0;1;0;0;0;0;0;0;0;0;0;0;0;0;0;0;0;0;0;0;1;0;0;0;1;1;1;1;0;0;0;0;0;0;0;0;0;0;1;0;1;0;0;0;1;0;0;0;0;0;0;0;0;0;0;0;0;5;0;0;0;0;0;0;0;0;0;0;0;0;0;1;0;0;0;1;0;0;0;0;0;0;0;0;0;1;0;1;1;1;0;0;0;1;1;1;0;1;1;0;0;0;0;0;0;0;0;0;0;0;0;0;0;0;0;0;0;0;1;0;0;0;0;0;1;0;0;0;0;0;1;0;0;0;0;0;0;0;0;0;0;0;0;0;0;0;0;0;0;0;0;0;0;0;1;201801;201901;2019;01;2019/01;Almas;ALMAS;S;N;N;1790;1709;17900;-11.574;-47.17;397;4021.111;170040;TO;17;TOCANTINS;-11.57400,-47.17000
3746291;170040;77310000;00000000000000;3;Jurídica;3;Mantida;01138551000189;;;;;;;1;M;MUNICIPAL;;;;;04;Unidade SEM atividade de Ensino;;;03;Atendimento de demanda espontânea e referenciada;50;UNIDADE DE VIGILANCIA EM SAUDE;03;ATENDIMENTOS NOS TURNOS DA MANHA E A TARDE;;;99;TIPO DE PRESTADOR NÃO INFORMADO;;;;;;;;;;;;;;;;;;;;0;1;0;0;0;0;1;0;0;0;0;0;0;0;0;0;0;0;0;0;0;0;0;0;0;0;0;0;0;0;0;0;0;0;0;0;0;0;0;0;0;0;0;0;0;0;0;0;0;0;0;0;0;0;0;0;0;0;0;0;0;0;0;0;0;0;0;0;0;0;0;0;0;0;0;0;0;0;0;0;0;0;0;0;0;0;0;0;0;0;0;0;0;0;0;0;0;0;0;0;0;0;1;1;0;0;0;0;0;0;0;0;0;0;0;0;0;0;0;0;0;0;0;0;0;0;0;0;0;0;0;0;0;0;0;0;0;0;0;0;0;0;0;0;0;0;0;1;0;0;0;0;0;0;0;0;0;0;0;1;201708;201901;2019;01;2019/01;Almas;ALMAS;S;N;N;1790;1709;17900;-11.574;-47.17;397;4021.111;170040;TO;17;TOCANTINS;-11.57400,-47.17000
5183642;170040;77310000;00000000000000;3;Jurídica;3;Mantida;01138551000189;;;;;;;1;M;MUNICIPAL;;;;;04;Unidade SEM atividade de Ensino;;;03;Atendimento de demanda espontânea e referenciada;02;CENTRO DE SAUDE/UNIDADE BASICA;03;ATENDIMENTOS NOS TURNOS DA MANHA E A TARDE;;;99;TIPO DE PRESTADOR NÃO INFORMADO;;;;;;;;;;;;;;;;;;;;0;1;0;0;0;0;1;0;0;0;0;0;0;0;0;0;0;0;0;0;0;0;0;0;0;0;0;0;0;0;0;0;0;2;0;1;2;0;0;0;0;3;0;1;1;0;0;0;0;1;0;0;0;0;0;0;0;0;0;0;0;0;0;0;0;0;0;0;0;0;0;0;0;0;0;0;1;0;0;0;0;0;1;0;0;0;0;0;0;0;0;0;0;1;0;0;0;0;1;0;0;0;0;0;0;0;0;0;0;0;0;0;0;0;0;0;0;0;0;0;0;0;0;1;0;0;0;0;0;0;0;0;0;0;0;0;0;0;0;0;0;0;0;0;0;0;0;0;0;0;0;0;0;0;0;0;0;0;0;1;201810;201901;2019;01;2019/01;Almas;ALMAS;S;N;N;1790;1709;17900;-11.574;-47.17;397;4021.111;170040;TO;17;TOCANTINS;-11.57400,-47.17000
7495293;170040;77310000;00000000000000;3;Jurídica;3;Mantida;01138551000189;;;;;;;1;M;MUNICIPAL;;;;;04;Unidade SEM atividade de Ensino;;;03;Atendimento de demanda espontânea e referenciada;68;CENTRAL DE GESTAO EM SAUDE;03;ATENDIMENTOS NOS TURNOS DA MANHA E A TARDE;;;99;TIPO DE PRESTADOR NÃO INFORMADO;;;;;;;;166/2013;20140128;2;SMS;;;;;;;;;0;0;0;1;0;0;1;0;0;0;0;0;0;0;0;0;0;0;0;0;0;0;0;0;0;0;0;0;0;0;0;0;0;0;0;0;0;0;0;0;0;0;0;0;0;0;0;0;0;0;0;0;0;0;0;0;0;0;0;0;0;0;0;0;0;0;0;0;0;0;0;0;0;0;0;0;0;0;0;0;0;0;0;0;0;0;0;0;0;0;0;0;0;0;0;0;0;0;0;0;0;0;1;1;0;0;0;0;0;0;0;0;0;0;0;0;0;0;0;0;0;0;0;0;0;0;0;0;0;0;0;0;0;0;0;0;0;0;0;0;0;0;0;0;0;0;0;0;0;0;0;0;0;1;0;0;0;0;0;1;201806;201901;2019;01;2019/01;Almas;ALMAS;S;N;N;1790;1709;17900;-11.574;-47.17;397;4021.111;170040;TO;17;TOCANTINS;-11.57400,-47.17000
9398953;170040;77310000;19324179000160;3;Jurídica;1;Individual;00000000000000;;;;;;;1;M;MUNICIPAL;;;;;04;Unidade SEM atividade de Ensino;;;03;Atendimento de demanda espontânea e referenciada;39;UNIDADE DE APOIO DIAGNOSE E TERAPIA (SADT ISOLADO);03;ATENDIMENTOS NOS TURNOS DA MANHA E A TARDE;;;99;TIPO DE PRESTADOR NÃO INFORMADO;03;058;0709221;;;;;;;;;;;;;;;;;0;0;0;1;0;0;1;0;0;0;0;0;0;0;0;0;0;0;0;0;0;0;0;0;0;0;0;0;0;0;0;0;0;0;0;0;0;0;0;0;0;0;0;0;0;0;0;0;0;0;0;0;0;0;0;0;0;0;0;0;0;0;0;0;0;0;0;0;0;0;0;0;0;0;0;0;0;0;0;0;0;0;0;0;0;0;0;0;0;0;0;0;0;0;0;0;0;0;0;1;1;0;1;1;0;0;0;0;0;0;0;0;0;0;0;0;0;0;0;0;0;0;0;1;1;0;0;0;0;0;0;0;0;0;0;0;0;0;0;0;0;0;0;0;0;0;0;0;0;0;0;0;0;0;0;0;0;0;0;1;201801;201901;2019;01;2019/01;Almas;ALMAS;S;N;N;1790;1709;17900;-11.574;-47.17;397;4021.111;170040;TO;17;TOCANTINS;-11.57400,-47.17000
3385205;170070;77480000;25053117006286;3;Jurídica;3;Mantida;25053117000164;;;;;;;1;E;ESTADUAL;;;;;04;Unidade SEM atividade de Ensino;;;03;Atendimento de demanda espontânea e referenciada;05;HOSPITAL GERAL;06;ATENDIMENTO CONTINUO DE 24 HORAS/DIA (PLANTAO: INCLUI SABADOS DOMINGOS E FERIADOS);;;99;TIPO DE PRESTADOR NÃO INFORMADO;001;36153;81556X;;;;;;;1;SES;;;;;;;;;0;0;1;0;0;0;1;0;0;1;0;0;0;1;5;10;0;1;0;0;0;0;0;0;0;0;0;0;0;0;1;1;1;0;0;0;1;0;0;0;1;0;0;0;0;0;0;1;0;1;1;1;0;1;1;0;0;1;1;0;0;0;0;0;0;0;0;2;0;1;2;0;0;0;0;1;1;0;0;0;1;0;1;0;1;0;0;0;0;0;1;0;1;1;1;0;0;0;1;1;0;0;1;1;0;0;0;0;0;0;0;0;0;0;0;0;0;1;0;0;0;0;0;1;0;0;0;0;0;1;0;0;0;0;0;1;0;0;0;0;0;0;0;0;0;0;0;0;0;0;0;0;0;0;0;0;0;0;0;1;201812;201901;2019;01;2019/01;Alvorada;ALVORADA;S;N;N;1790;1707;17900;-12.48;-49.125;289;1212.161;170070;TO;17;TOCANTINS;-12.48000,-49.12500
3718026;170070;77480000;07606807000111;3;Jurídica;1;Individual;00000000000000;;;;;;;1;D;DUPLA;;;;;04;Unidade SEM atividade de Ensino;;;02;Atendimento de demanda referenciada;39;UNIDADE DE APOIO DIAGNOSE E TERAPIA (SADT ISOLADO);03;ATENDIMENTOS NOS TURNOS DA MANHA E A TARDE;;;99;TIPO DE PRESTADOR NÃO INFORMADO;001;1303X;131563;;;;;;;;;;;;;;;;;0;1;1;0;0;0;1;0;0;0;0;0;0;0;0;0;0;0;0;0;0;0;0;0;0;0;0;0;0;0;0;0;0;0;0;0;0;0;0;0;0;0;0;0;0;0;0;0;0;0;0;0;0;0;0;0;0;0;0;0;0;0;0;0;0;0;0;0;0;0;0;0;0;0;0;0;1;0;0;0;0;0;1;0;0;0;0;0;0;0;0;0;1;1;0;0;0;0;1;1;0;0;1;1;0;0;0;0;0;0;0;0;0;0;0;0;0;0;0;0;0;0;0;0;0;0;0;0;0;1;1;0;0;0;0;0;0;0;0;0;0;0;0;0;0;0;0;0;0;0;0;0;0;0;0;0;0;0;0;1;201811;201901;2019;01;2019/01;Alvorada;ALVORADA;S;N;N;1790;1707;17900;-12.48;-49.125;289;1212.161;170070;TO;17;TOCANTINS;-12.48000,-49.12500
5315905;170070;77480000;00000000000000;3;Jurídica;3;Mantida;01800242000122;;;;;;;1;D;DUPLA;;;;;04;Unidade SEM atividade de Ensino;;;03;Atendimento de demanda espontânea e referenciada;02;CENTRO DE SAUDE/UNIDADE BASICA;03;ATENDIMENTOS NOS TURNOS DA MANHA E A TARDE;;;99;TIPO DE PRESTADOR NÃO INFORMADO;;;;;;;;;;;;;;;;;;;;0;1;1;0;0;0;1;0;0;0;0;0;0;0;0;0;0;0;0;0;0;0;0;0;0;0;0;0;0;0;0;0;0;2;2;0;1;0;0;0;0;2;0;2;1;1;0;1;0;1;0;0;0;0;0;0;0;0;0;0;0;0;0;0;0;0;0;0;0;0;0;0;0;0;0;0;1;0;0;0;1;0;1;0;0;0;0;0;0;0;0;0;0;1;1;0;0;0;1;1;1;0;1;1;0;0;0;0;0;0;0;0;0;0;0;0;0;0;0;0;0;0;0;1;0;0;0;0;0;1;0;0;0;0;0;0;0;0;0;0;0;1;0;0;0;0;0;0;0;0;0;0;0;0;0;0;0;0;0;1;201811;201901;2019;01;2019/01;Alvorada;ALVORADA;S;N;N;1790;1707;17900;-12.48;-49.125;289;1212.161;170070;TO;17;TOCANTINS;-12.48000,-49.12500
6141137;170070;77480000;00000000000000;3;Jurídica;3;Mantida;01800242000122;;;;;;;1;D;DUPLA;;;;;04;Unidade SEM atividade de Ensino;;;03;Atendimento de demanda espontânea e referenciada;36;CLINICA/CENTRO DE ESPECIALIDADE;05;ATENDIMENTO COM TURNOS INTERMITENTES;;;99;TIPO DE PRESTADOR NÃO INFORMADO;;;;;;;;156/2008;20081222;1;SES;;;;;;;;;0;1;1;0;0;0;1;0;0;0;0;0;0;0;0;0;0;0;0;0;0;0;0;0;0;0;0;0;0;0;0;0;0;0;0;4;0;0;0;0;0;0;0;0;0;0;0;0;0;1;0;0;0;0;0;0;0;0;0;0;0;0;0;0;0;0;0;0;0;0;0;0;0;0;0;0;1;0;1;0;0;0;0;0;0;0;0;0;0;0;0;0;0;0;0;0;0;0;1;0;0;0;1;1;0;0;0;0;0;0;0;0;0;0;0;0;0;0;0;0;0;0;0;1;0;0;0;0;0;1;0;0;0;0;0;0;0;0;0;0;0;0;0;0;0;0;0;0;0;0;0;0;0;0;0;0;0;0;0;1;201811;201901;2019;01;2019/01;Alvorada;ALVORADA;S;N;N;1790;1707;17900;-12.48;-49.125;289;1212.161;170070;TO;17;TOCANTINS;-12.48000,-49.12500
6689264;170070;77480000;00000000000000;3;Jurídica;3;Mantida;01800242000122;;;;;;;1;M;MUNICIPAL;;;;;04;Unidade SEM atividade de Ensino;;;03;Atendimento de demanda espontânea e referenciada;68;CENTRAL DE GESTAO EM SAUDE;03;ATENDIMENTOS NOS TURNOS DA MANHA E A TARDE;;;99;TIPO DE PRESTADOR NÃO INFORMADO;;;;;;;;;;;;;;;;;;;;0;0;0;1;0;0;1;0;0;0;0;0;0;0;0;0;0;0;0;0;0;0;0;0;0;0;0;0;0;0;0;0;0;0;0;0;0;0;0;0;0;0;0;0;0;0;0;0;0;0;0;0;0;0;0;0;0;0;0;0;0;0;0;0;0;0;0;0;0;0;0;0;0;0;0;0;0;0;0;0;0;0;0;0;0;0;0;0;0;0;0;0;0;0;0;0;0;0;0;0;0;0;0;0;0;0;0;0;0;0;0;0;0;0;0;0;0;0;0;0;0;0;0;1;0;0;0;0;0;0;0;0;0;0;0;0;0;0;0;0;0;0;0;0;0;0;0;0;0;0;0;0;0;0;0;0;0;0;0;1;201811;201901;2019;01;2019/01;Alvorada;ALVORADA;S;N;N;1790;1707;17900;-12.48;-49.125;289;1212.161;170070;TO;17;TOCANTINS;-12.48000,-49.12500
7042922;170070;77480000;00000000000000;3;Jurídica;3;Mantida;01800242000122;;;;;;;1;M;MUNICIPAL;;;;;04;Unidade SEM atividade de Ensino;;;01;Atendimento de demanda espontânea;02;CENTRO DE SAUDE/UNIDADE BASICA;03;ATENDIMENTOS NOS TURNOS DA MANHA E A TARDE;;;99;TIPO DE PRESTADOR NÃO INFORMADO;;;;;;;;035;20120420;1;SES;;;;;;;;;0;1;0;0;0;0;1;0;0;0;0;0;0;0;0;0;0;0;0;0;0;0;0;0;0;0;0;0;0;0;0;0;0;1;0;0;0;0;0;0;0;1;0;1;1;1;0;1;0;1;0;0;0;0;0;0;0;0;0;0;0;0;0;0;0;0;0;0;0;0;0;0;0;0;0;0;1;0;0;0;0;0;1;0;0;0;0;0;0;0;1;0;0;1;1;0;0;0;1;1;0;0;1;1;0;0;0;0;0;0;0;0;0;0;0;0;0;0;0;0;0;0;0;1;0;0;0;0;0;0;0;0;0;0;0;0;0;0;0;0;0;1;0;0;0;0;0;0;0;0;0;0;0;0;0;0;0;0;0;1;201811;201901;2019;01;2019/01;Alvorada;ALVORADA;S;N;N;1790;1707;17900;-12.48;-49.125;289;1212.161;170070;TO;17;TOCANTINS;-12.48000,-49.12500
7361491;170070;77480000;00000000000000;3;Jurídica;3;Mantida;01800242000122;;;;;;;1;M;MUNICIPAL;;;;;04;Unidade SEM atividade de Ensino;;;01;Atendimento de demanda espontânea;36;CLINICA/CENTRO DE ESPECIALIDADE;03;ATENDIMENTOS NOS TURNOS DA MANHA E A TARDE;;;99;TIPO DE PRESTADOR NÃO INFORMADO;;;;;;;;;;;;;;;;;;;;0;0;0;1;0;0;1;0;0;0;0;0;0;0;0;0;0;0;0;0;0;0;0;0;0;0;0;0;0;0;0;0;0;1;0;0;0;0;0;0;0;0;0;0;0;0;0;0;0;1;0;0;0;0;0;0;0;0;0;0;0;0;0;0;0;0;0;0;0;0;0;0;0;0;0;0;0;0;0;0;0;0;0;0;0;0;0;0;0;0;0;0;1;0;0;0;0;0;1;0;0;0;0;0;0;0;0;0;0;0;0;0;0;0;0;0;0;0;0;0;0;0;0;1;0;0;0;0;0;0;0;0;0;0;0;0;0;0;0;0;0;0;0;0;0;0;0;0;0;0;0;0;0;0;0;0;0;0;0;1;201811;201901;2019;01;2019/01;Alvorada;ALVORADA;S;N;N;1790;1707;17900;-12.48;-49.125;289;1212.161;170070;TO;17;TOCANTINS;-12.48000,-49.12500
7403267;170070;77480000;00087249545191;1;Física;1;Individual;00000000000000;;;;;;;0;M;MUNICIPAL;;;;;04;Unidade SEM atividade de Ensino;;;01;Atendimento de demanda espontânea;22;CONSULTORIO ISOLADO;03;ATENDIMENTOS NOS TURNOS DA MANHA E A TARDE;;;99;TIPO DE PRESTADOR NÃO INFORMADO;;;;;;;;127;20131206;1;SES;;;;;;;;;0;1;0;0;0;0;1;0;0;0;0;0;0;0;0;0;0;0;0;0;0;0;0;0;0;0;0;0;0;0;0;0;0;0;0;0;0;0;0;0;0;0;0;0;0;0;0;0;0;0;0;0;0;0;0;0;0;0;0;0;0;0;0;0;0;0;0;0;0;0;0;0;0;0;0;0;0;0;0;0;0;0;0;0;0;0;0;0;0;0;0;0;0;0;0;0;0;0;0;0;0;0;1;1;0;0;0;0;0;0;0;0;0;0;0;0;0;0;0;0;0;0;0;0;0;0;0;0;0;0;1;0;1;0;0;0;0;0;0;0;0;0;0;0;0;0;0;0;0;0;0;0;0;0;0;0;0;0;0;1;201802;201901;2019;01;2019/01;Alvorada;ALVORADA;S;N;N;1790;1707;17900;-12.48;-49.125;289;1212.161;170070;TO;17;TOCANTINS;-12.48000,-49.12500
7806175;170070;77480000;00072591439168;1;Física;1;Individual;00000000000000;;;;;;;0;M;MUNICIPAL;;;;;04;Unidade SEM atividade de Ensino;;;01;Atendimento de demanda espontânea;22;CONSULTORIO ISOLADO;03;ATENDIMENTOS NOS TURNOS DA MANHA E A TARDE;;;99;TIPO DE PRESTADOR NÃO INFORMADO;;;;;;;;89/2015;20150827;1;SES;;;;;;;;;0;1;0;0;0;0;1;0;0;0;0;0;0;0;0;0;0;0;0;0;0;0;0;0;0;0;0;0;0;0;0;0;0;0;0;0;0;0;0;0;0;2;0;0;0;0;0;0;0;1;0;0;0;0;0;0;0;0;0;0;0;0;0;0;0;0;0;0;0;0;0;0;0;0;0;0;0;0;0;0;0;0;0;0;0;0;0;0;0;0;0;0;0;0;0;0;0;0;0;1;0;0;0;1;0;0;0;0;0;0;0;0;0;0;0;0;0;0;0;0;0;0;0;0;1;0;1;0;0;0;0;0;0;0;0;0;0;0;0;0;0;0;0;0;0;0;0;0;0;0;0;0;0;0;0;0;0;0;0;1;201811;201901;2019;01;2019/01;Alvorada;ALVORADA;S;N;N;1790;1707;17900;-12.48;-49.125;289;1212.161;170070;TO;17;TOCANTINS;-12.48000,-49.12500
8004420;170070;77480000;00000000000000;3;Jurídica;3;Mantida;01800242000122;;;;;;;1;M;MUNICIPAL;;;;;04;Unidade SEM atividade de Ensino;;;03;Atendimento de demanda espontânea e referenciada;50;UNIDADE DE VIGILANCIA EM SAUDE;03;ATENDIMENTOS NOS TURNOS DA MANHA E A TARDE;;;99;TIPO DE PRESTADOR NÃO INFORMADO;;;;;;;;;;;;;;;;;;;;0;1;0;0;0;0;1;0;0;0;0;0;0;0;0;0;0;0;0;0;0;0;0;0;0;0;0;0;0;0;0;0;0;0;0;0;0;0;0;0;0;0;0;0;0;0;0;0;0;0;0;0;0;0;0;0;0;0;0;0;0;0;0;0;0;0;0;0;0;0;0;0;0;0;0;0;1;0;0;0;0;0;0;0;0;0;0;0;0;0;0;0;0;0;0;0;0;0;1;0;0;0;0;0;0;0;0;0;0;0;0;0;0;0;0;0;0;0;0;0;0;0;0;0;0;0;0;0;0;0;0;0;0;0;0;0;0;0;0;0;0;0;0;0;0;0;0;1;0;0;0;0;0;0;0;0;0;0;0;1;201811;201901;2019;01;2019/01;Alvorada;ALVORADA;S;N;N;1790;1707;17900;-12.48;-49.125;289;1212.161;170070;TO;17;TOCANTINS;-12.48000,-49.12500
9115676;170070;77480000;00004399999101;1;Física;1;Individual;00000000000000;;;;;;;0;M;MUNICIPAL;;;;;04;Unidade SEM atividade de Ensino;;;01;Atendimento de demanda espontânea;22;CONSULTORIO ISOLADO;03;ATENDIMENTOS NOS TURNOS DA MANHA E A TARDE;;;99;TIPO DE PRESTADOR NÃO INFORMADO;;;;;;;;ALVARA DE VIGIL SANITARIO;;2;SMS;;;;;;;;;0;1;0;0;0;0;1;0;0;0;0;0;0;0;0;0;0;0;0;0;0;0;0;0;0;0;0;0;0;0;0;0;0;0;0;0;0;0;0;0;0;0;0;0;0;0;0;0;0;0;0;0;0;0;0;0;0;0;0;0;0;0;0;0;0;0;0;0;0;0;0;0;0;0;0;0;0;0;0;0;0;0;0;0;0;0;0;0;0;0;0;0;0;0;0;0;0;0;0;1;0;0;0;1;0;0;0;0;0;0;0;0;0;0;0;0;0;0;0;0;0;0;0;0;0;0;0;0;0;0;1;0;1;0;0;0;0;0;0;0;0;0;0;0;0;0;0;0;0;0;0;0;0;0;0;0;0;0;0;1;201811;201901;2019;01;2019/01;Alvorada;ALVORADA;S;N;N;1790;1707;17900;-12.48;-49.125;289;1212.161;170070;TO;17;TOCANTINS;-12.48000,-49.12500
9436936;170070;77480000;00000000000000;3;Jurídica;3;Mantida;01800242000122;;;;;;;1;M;MUNICIPAL;;;;;03;Unidade Auxiliar de Ensino;;;03;Atendimento de demanda espontânea e referenciada;74;POLO ACADEMIA DA SAUDE;03;ATENDIMENTOS NOS TURNOS DA MANHA E A TARDE;;;99;TIPO DE PRESTADOR NÃO INFORMADO;;;;;;;;;;;;;;;;;;;;0;1;0;0;0;0;1;0;0;0;0;0;0;0;0;0;0;0;0;0;0;0;0;0;0;0;0;0;0;0;0;0;0;0;0;0;0;0;0;0;0;0;0;0;0;0;0;0;0;0;0;0;0;0;0;0;0;0;0;0;0;0;0;0;0;0;0;0;0;0;0;0;0;0;0;0;0;0;0;0;0;0;0;0;0;0;0;0;0;0;0;0;0;0;0;0;0;0;0;0;0;0;1;1;0;0;0;0;0;0;0;0;0;0;0;0;0;0;0;0;0;0;0;1;0;0;0;0;0;0;0;0;0;0;0;0;0;0;0;0;0;0;0;0;0;0;0;0;0;0;0;0;0;0;0;0;0;0;0;1;201811;201901;2019;01;2019/01;Alvorada;ALVORADA;S;N;N;1790;1707;17900;-12.48;-49.125;289;1212.161;170070;TO;17;TOCANTINS;-12.48000,-49.12500
9456554;170070;77480000;00000000000000;3;Jurídica;3;Mantida;01800242000122;;;;;;;1;M;MUNICIPAL;;;;;04;Unidade SEM atividade de Ensino;;;01;Atendimento de demanda espontânea;02;CENTRO DE SAUDE/UNIDADE BASICA;03;ATENDIMENTOS NOS TURNOS DA MANHA E A TARDE;;;99;TIPO DE PRESTADOR NÃO INFORMADO;;;;;;;;;;;;;;;;;;;;0;1;0;0;0;0;1;0;0;0;0;0;0;0;0;0;0;0;0;0;0;0;0;0;0;0;0;0;0;0;0;0;0;2;2;0;1;0;0;0;0;1;0;1;0;1;0;1;0;1;0;0;0;0;0;0;0;0;0;0;0;0;0;0;0;0;0;0;0;0;0;0;0;0;0;0;1;0;0;0;1;0;1;0;0;0;0;0;0;0;0;0;0;1;1;0;0;0;1;1;1;0;1;1;0;0;0;0;0;0;0;0;0;0;0;0;0;0;0;0;0;0;0;1;0;0;0;0;0;0;0;0;0;0;0;0;0;0;0;0;0;0;0;0;0;0;0;0;0;0;0;0;0;0;0;0;0;0;0;1;201811;201901;2019;01;2019/01;Alvorada;ALVORADA;S;N;N;1790;1707;17900;-12.48;-49.125;289;1212.161;170070;TO;17;TOCANTINS;-12.48000,-49.12500
9456562;170070;77480000;00000000000000;3;Jurídica;3;Mantida;01800242000122;;;;;;;1;M;MUNICIPAL;;;;;04;Unidade SEM atividade de Ensino;;;01;Atendimento de demanda espontânea;02;CENTRO DE SAUDE/UNIDADE BASICA;03;ATENDIMENTOS NOS TURNOS DA MANHA E A TARDE;;;99;TIPO DE PRESTADOR NÃO INFORMADO;;;;;;;;;;;;;;;;;;;;0;1;0;0;0;0;1;0;0;0;0;0;0;0;0;0;0;0;0;0;0;0;0;0;0;0;0;0;0;0;0;0;0;1;1;0;1;0;0;0;0;1;0;1;0;1;0;1;0;1;0;0;0;0;0;0;0;0;0;0;0;0;0;0;0;0;0;0;0;0;0;0;0;0;0;0;1;0;0;0;1;0;1;0;0;0;0;0;0;0;0;0;0;1;1;0;0;0;1;1;1;0;1;1;0;0;0;0;0;0;0;0;0;0;0;0;0;0;0;0;0;0;0;1;0;0;0;0;0;0;0;0;0;0;0;0;0;0;0;0;0;0;0;0;0;0;0;0;0;0;0;0;0;0;0;0;0;0;0;1;201811;201901;2019;01;2019/01;Alvorada;ALVORADA;S;N;N;1790;1707;17900;-12.48;-49.125;289;1212.161;170070;TO;17;TOCANTINS;-12.48000,-49.12500
2468239;170100;77890000;00000000000000;3;Jurídica;3;Mantida;00237362000109;;;02;;;;1;M;MUNICIPAL;;;;;04;Unidade SEM atividade de Ensino;;;01;Atendimento de demanda espontânea;02;CENTRO DE SAUDE/UNIDADE BASICA;03;ATENDIMENTOS NOS TURNOS DA MANHA E A TARDE;;;99;TIPO DE PRESTADOR NÃO INFORMADO;;;;;;;;006-2002;20020102;2;SMS;;;;;;;;;0;1;0;0;0;0;1;0;0;0;0;0;0;0;0;0;0;0;0;0;0;0;0;0;0;0;0;0;0;0;0;0;0;2;0;0;5;0;0;0;0;1;0;2;1;0;0;0;0;1;0;0;0;0;0;0;0;0;0;0;0;0;0;0;0;0;0;0;0;0;0;0;0;0;0;0;1;0;0;0;1;0;1;0;0;0;0;0;0;0;0;0;0;1;0;0;0;0;1;1;1;0;1;1;0;0;0;0;0;0;0;0;0;0;0;0;0;0;0;0;0;0;0;1;0;0;0;0;0;0;0;0;0;0;0;0;0;0;0;0;0;0;0;0;0;0;0;1;0;0;0;0;0;0;0;0;0;0;0;1;201901;201901;2019;01;2019/01;Ananás;ANANAS;S;N;N;1790;1701;17900;-6.366;-48.073;220;1587.0;170100;TO;17;TOCANTINS;-6.36600,-48.07300
2555956;170100;77890000;00000000000000;3;Jurídica;3;Mantida;00237362000109;;;;;;;1;M;MUNICIPAL;;;;;04;Unidade SEM atividade de Ensino;;;03;Atendimento de demanda espontânea e referenciada;05;HOSPITAL GERAL;06;ATENDIMENTO CONTINUO DE 24 HORAS/DIA (PLANTAO: INCLUI SABADOS DOMINGOS E FERIADOS);;;99;TIPO DE PRESTADOR NÃO INFORMADO;;;;;;;;;;;;;;;;;;;;0;0;0;1;0;0;1;0;0;0;1;0;0;1;4;1;0;1;0;0;0;0;0;0;0;0;0;0;0;0;1;1;1;0;0;0;1;0;0;0;0;0;0;0;0;0;0;0;0;1;1;0;0;1;0;1;0;0;1;0;0;0;0;0;0;0;0;0;0;0;0;0;0;0;0;1;1;0;0;0;1;0;1;0;0;0;0;0;0;0;1;0;0;1;1;0;0;0;1;1;1;1;1;1;0;0;0;0;0;0;0;0;0;0;0;0;0;1;0;0;0;0;0;1;0;0;0;0;0;1;0;0;0;0;0;1;0;0;0;0;0;0;0;0;0;0;0;0;0;0;0;0;0;0;0;0;0;0;0;1;201901;201901;2019;01;2019/01;Ananás;ANANAS;S;N;N;1790;1701;17900;-6.366;-48.073;220;1587.0;170100;TO;17;TOCANTINS;-6.36600,-48.07300
2651319;170100;77890000;00000000000000;3;Jurídica;3;Mantida;00237362000109;;;;;;;1;M;MUNICIPAL;;;;;04;Unidade SEM atividade de Ensino;;;03;Atendimento de demanda espontânea e referenciada;02;CENTRO DE SAUDE/UNIDADE BASICA;03;ATENDIMENTOS NOS TURNOS DA MANHA E A TARDE;;;99;TIPO DE PRESTADOR NÃO INFORMADO;;;;;;;;;;;;;;;;;;;;0;1;0;0;0;0;1;0;0;0;0;0;0;0;0;0;0;0;0;0;0;0;0;0;0;0;0;0;0;0;0;0;0;1;0;0;1;0;0;0;0;1;0;1;0;0;0;1;0;1;0;0;0;0;0;0;0;0;0;0;0;0;0;0;0;0;0;0;0;0;0;0;0;0;0;0;1;0;0;0;0;0;0;0;0;0;0;0;0;0;0;0;0;1;0;0;0;0;1;1;0;0;1;1;0;0;0;0;0;0;0;0;0;0;0;0;0;0;0;0;0;0;0;1;0;0;0;0;0;0;0;0;0;0;0;0;0;0;0;0;0;0;0;0;0;0;0;0;0;0;0;0;0;0;0;0;0;0;0;1;201901;201901;2019;01;2019/01;Ananás;ANANAS;S;N;N;1790;1701;17900;-6.366;-48.073;220;1587.0;170100;TO;17;TOCANTINS;-6.36600,-48.07300
2772841;170100;77890000;00000000000000;3;Jurídica;3;Mantida;00237362000109;;;;;;;1;M;MUNICIPAL;;;;;04;Unidade SEM atividade de Ensino;;;03;Atendimento de demanda espontânea e referenciada;50;UNIDADE DE VIGILANCIA EM SAUDE;03;ATENDIMENTOS NOS TURNOS DA MANHA E A TARDE;;;99;TIPO DE PRESTADOR NÃO INFORMADO;;;;;;;;;;;;;;;;;;;;0;1;0;0;0;0;1;0;0;0;0;0;0;0;0;0;0;0;0;0;0;0;0;0;0;0;0;0;0;0;0;0;0;0;0;0;0;0;0;0;0;0;0;0;0;0;0;0;0;0;0;0;0;0;0;0;0;0;0;0;0;0;0;0;0;0;0;0;0;0;0;0;0;0;0;0;0;0;0;0;0;0;0;0;0;0;0;0;0;0;0;0;0;0;0;0;0;0;0;1;0;0;1;1;0;0;0;0;0;0;0;0;0;0;0;0;0;0;0;0;0;0;0;0;0;0;0;0;0;0;0;0;0;0;0;0;0;0;0;0;0;0;0;0;0;0;0;1;0;0;0;0;0;0;0;0;0;0;0;1;201901;201901;2019;01;2019/01;Ananás;ANANAS;S;N;N;1790;1701;17900;-6.366;-48.073;220;1587.0;170100;TO;17;TOCANTINS;-6.36600,-48.07300
6499104;170100;77890000;00000000000000;3;Jurídica;3;Mantida;00237362000109;;;;;;;1;M;MUNICIPAL;;;;;04;Unidade SEM atividade de Ensino;;;03;Atendimento de demanda espontânea e referenciada;68;CENTRAL DE GESTAO EM SAUDE;03;ATENDIMENTOS NOS TURNOS DA MANHA E A TARDE;;;99;TIPO DE PRESTADOR NÃO INFORMADO;;;;;;;;;;;;;;;;;;;;0;0;0;1;0;0;1;0;0;0;0;0;0;0;0;0;0;0;0;0;0;0;0;0;0;0;0;0;0;0;0;0;0;0;0;0;0;0;0;0;0;0;0;0;0;0;0;0;0;0;0;0;0;0;0;0;0;0;0;0;0;0;0;0;0;0;0;0;0;0;0;0;0;0;0;0;0;0;0;0;0;0;0;0;0;0;0;0;0;0;0;0;0;0;0;0;0;0;0;0;0;0;0;0;0;0;0;0;0;0;0;0;0;0;0;0;0;0;0;0;0;0;0;1;0;0;0;0;0;0;0;0;0;0;0;0;0;0;0;0;0;0;0;0;0;0;0;1;0;0;0;0;0;1;0;0;0;0;0;1;201901;201901;2019;01;2019/01;Ananás;ANANAS;S;N;N;1790;1701;17900;-6.366;-48.073;220;1587.0;170100;TO;17;TOCANTINS;-6.36600,-48.07300
7713975;170100;77890000;00000000000000;3;Jurídica;3;Mantida;00237362000109;;;;;;;1;M;MUNICIPAL;;;;;04;Unidade SEM atividade de Ensino;;;03;Atendimento de demanda espontânea e referenciada;02;CENTRO DE SAUDE/UNIDADE BASICA;03;ATENDIMENTOS NOS TURNOS DA MANHA E A TARDE;;;99;TIPO DE PRESTADOR NÃO INFORMADO;;;;;;;;;;;;;;;;;;;;0;1;0;0;0;0;1;0;0;0;0;0;0;0;0;0;0;0;0;0;0;0;0;0;0;0;0;0;0;0;0;0;0;1;0;0;5;0;0;0;0;1;0;1;0;1;0;1;0;1;0;0;0;0;0;0;0;0;0;0;0;0;0;0;0;0;0;0;0;0;0;0;0;0;0;0;1;0;0;0;0;0;1;0;0;0;0;0;0;0;0;0;0;1;0;0;0;0;1;0;0;0;1;1;0;0;0;0;0;0;0;0;0;0;0;0;0;0;0;0;0;0;0;1;0;0;0;0;0;0;0;0;0;0;0;0;0;0;0;0;0;0;0;0;0;0;0;0;0;0;0;0;0;0;0;0;0;0;0;1;201901;201901;2019;01;2019/01;Ananás;ANANAS;S;N;N;1790;1701;17900;-6.366;-48.073;220;1587.0;170100;TO;17;TOCANTINS;-6.36600,-48.07300
7891148;170100;77890000;22654041000134;3;Jurídica;1;Individual;00000000000000;;;;;;;1;M;MUNICIPAL;;;;;04;Unidade SEM atividade de Ensino;;;03;Atendimento de demanda espontânea e referenciada;39;UNIDADE DE APOIO DIAGNOSE E TERAPIA (SADT ISOLADO);03;ATENDIMENTOS NOS TURNOS DA MANHA E A TARDE;;;99;TIPO DE PRESTADOR NÃO INFORMADO;591;32913;00086835;;;;;0000946;20170411;2;SMS;;;;;;;;;0;0;0;1;0;0;1;0;0;0;0;0;0;0;0;0;0;0;0;0;0;0;0;0;0;0;0;0;0;0;0;0;0;0;0;0;0;0;0;0;0;0;0;0;0;0;0;0;0;0;0;0;0;0;0;0;0;0;0;0;0;0;0;0;0;0;0;0;0;0;0;0;0;0;0;0;0;0;0;0;0;0;0;0;0;0;0;0;0;0;0;0;0;0;0;0;0;0;0;0;0;0;1;1;0;0;0;0;0;0;0;0;0;0;0;0;0;0;0;0;0;0;0;1;1;0;0;0;0;0;0;0;0;0;0;0;0;0;0;0;0;0;0;0;0;0;0;0;0;0;0;0;0;0;0;0;0;0;0;1;201808;201901;2019;01;2019/01;Ananás;ANANAS;S;N;N;1790;1701;17900;-6.366;-48.073;220;1587.0;170100;TO;17;TOCANTINS;-6.36600,-48.07300
2600412;170105;77905000;00000000000000;3;Jurídica;3;Mantida;25064098000171;;;;;;;1;M;MUNICIPAL;;;;;04;Unidade SEM atividade de Ensino;;;01;Atendimento de demanda espontânea;02;CENTRO DE SAUDE/UNIDADE BASICA;03;ATENDIMENTOS NOS TURNOS DA MANHA E A TARDE;;;99;TIPO DE PRESTADOR NÃO INFORMADO;;;;;;;;;;;;;;;;;;;;0;1;0;0;0;0;1;0;0;0;0;0;0;0;0;0;0;0;0;0;0;0;0;0;0;0;0;0;0;0;0;0;0;1;0;0;0;0;0;0;0;1;0;1;1;1;0;0;0;1;0;0;0;0;0;0;0;0;0;0;0;0;0;0;0;0;0;0;0;0;0;0;0;0;0;0;1;0;0;0;1;0;1;0;0;0;0;0;0;0;0;0;0;1;0;0;0;0;1;1;0;0;1;1;0;0;0;0;0;0;0;0;0;0;0;0;0;0;0;0;0;0;0;1;0;0;0;0;0;0;0;0;0;0;0;0;0;0;0;0;0;1;0;0;0;0;0;1;0;0;0;0;0;0;0;0;0;0;0;1;201902;201901;2019;01;2019/01;Angico;ANGICO;S;N;N;1790;1701;17900;-6.39;-47.865;290;438.703;170105;TO;17;TOCANTINS;-6.39000,-47.86500
2600471;170105;77905000;00000000000000;3;Jurídica;3;Mantida;25064098000171;;;;;;;1;M;MUNICIPAL;;;;;04;Unidade SEM atividade de Ensino;;;01;Atendimento de demanda espontânea;50;UNIDADE DE VIGILANCIA EM SAUDE;03;ATENDIMENTOS NOS TURNOS DA MANHA E A TARDE;;;99;TIPO DE PRESTADOR NÃO INFORMADO;;;;;;;;;;;;;;;;;;;;0;1;0;0;0;0;1;0;0;0;0;0;0;0;0;0;0;0;0;0;0;0;0;0;0;0;0;0;0;0;0;0;0;0;0;0;0;0;0;0;0;0;0;0;0;0;0;0;0;0;0;0;0;0;0;0;0;0;0;0;0;0;0;0;0;0;0;0;0;0;0;0;0;0;0;0;0;0;0;0;0;0;0;0;0;0;0;0;0;0;0;0;0;0;0;0;0;0;0;0;0;0;1;1;0;0;0;0;0;0;0;0;0;0;0;0;0;0;0;0;0;0;0;0;0;0;0;0;0;0;0;0;0;0;0;0;0;0;0;0;0;0;0;0;0;0;0;1;0;0;0;0;0;0;0;0;0;0;0;1;201902;201901;2019;01;2019/01;Angico;ANGICO;S;N;N;1790;1701;17900;-6.39;-47.865;290;438.703;170105;TO;17;TOCANTINS;-6.39000,-47.86500
7822642;170105;77905000;00000000000000;3;Jurídica;3;Mantida;25064098000171;;;;;;;1;M;MUNICIPAL;;;;;04;Unidade SEM atividade de Ensino;;;01;Atendimento de demanda espontânea;68;CENTRAL DE GESTAO EM SAUDE;03;ATENDIMENTOS NOS TURNOS DA MANHA E A TARDE;;;99;TIPO DE PRESTADOR NÃO INFORMADO;;;;;;;;ALVARA SANITARIO;20150914;2;SMS;;;;;;;;;0;1;0;1;0;0;1;0;0;0;0;0;0;0;0;0;0;0;0;0;0;0;0;0;0;0;0;0;0;0;0;0;0;0;0;0;0;0;0;0;0;0;0;0;0;0;0;0;0;0;0;0;0;0;0;0;0;0;0;0;0;0;0;0;0;0;0;0;0;0;0;0;0;0;0;0;0;0;0;0;0;0;0;0;0;0;0;0;0;0;0;0;0;0;0;0;0;0;0;0;0;0;0;0;0;0;0;0;0;0;0;0;0;0;0;0;0;0;0;0;0;0;0;1;0;0;0;0;0;0;0;0;0;0;0;0;0;0;0;0;0;0;0;0;0;0;0;0;0;0;0;0;0;0;0;0;0;0;0;1;201902;201901;2019;01;2019/01;Angico;ANGICO;S;N;N;1790;1701;17900;-6.39;-47.865;290;438.703;170105;TO;17;TOCANTINS;-6.39000,-47.86500
7877145;170105;77905000;00000000000000;3;Jurídica;3;Mantida;25064098000171;;;;;;;1;M;MUNICIPAL;;;;;04;Unidade SEM atividade de Ensino;;;01;Atendimento de demanda espontânea;74;POLO ACADEMIA DA SAUDE;03;ATENDIMENTOS NOS TURNOS DA MANHA E A TARDE;;;99;TIPO DE PRESTADOR NÃO INFORMADO;;;;;;;;ALVARA SANITARIO;20151113;2;SMS;;;;;;;;;0;1;0;0;0;0;1;0;0;0;0;0;0;0;0;0;0;0;0;0;0;0;0;0;0;0;0;0;0;0;0;0;0;0;0;0;0;0;0;0;0;0;0;0;0;0;0;0;0;0;0;0;0;0;0;0;0;0;0;0;0;0;0;0;0;0;0;0;0;0;0;0;0;0;0;0;0;0;0;0;0;0;0;0;0;0;0;0;0;0;0;0;0;0;0;0;0;0;0;0;0;0;0;0;0;0;0;0;0;0;0;0;0;0;0;0;0;0;0;0;0;0;0;1;0;0;0;0;0;0;0;0;0;0;0;0;0;0;0;0;0;0;0;0;0;0;0;0;0;0;0;0;0;0;0;0;0;0;0;1;201902;201901;2019;01;2019/01;Angico;ANGICO;S;N;N;1790;1701;17900;-6.39;-47.865;290;438.703;170105;TO;17;TOCANTINS;-6.39000,-47.86500
2468166;170110;77620000;00000000000000;3;Jurídica;3;Mantida;25086638000118;;;;;;;1;M;MUNICIPAL;;;;;04;Unidade SEM atividade de Ensino;;;03;Atendimento de demanda espontânea e referenciada;02;CENTRO DE SAUDE/UNIDADE BASICA;06;ATENDIMENTO CONTINUO DE 24 HORAS/DIA (PLANTAO: INCLUI SABADOS DOMINGOS E FERIADOS);;;99;TIPO DE PRESTADOR NÃO INFORMADO;;;;;;;;;;;;;;;;;;;;0;1;0;1;0;0;1;0;0;0;0;0;0;0;0;0;0;0;0;0;0;0;0;0;0;0;0;0;0;0;0;1;1;0;0;0;0;1;1;0;0;0;0;1;0;1;0;1;0;1;0;0;0;0;0;0;0;0;0;0;0;0;0;0;6;6;0;0;0;0;0;0;0;0;0;0;1;0;0;0;1;0;1;0;0;0;0;0;0;0;0;0;0;1;1;0;0;0;1;0;0;0;1;1;0;0;0;0;0;0;0;0;0;0;0;0;0;0;0;0;0;0;0;1;0;0;0;0;0;0;0;0;0;0;0;1;0;0;0;0;0;0;0;0;0;0;0;0;0;0;0;0;0;0;0;0;0;0;0;1;201806;201901;2019;01;2019/01;Aparecida do Rio Negro;APARECIDA DO RIO NEGRO;S;N;N;1790;1705;17900;-9.952;-47.972;265;1160.363;170110;TO;17;TOCANTINS;-9.95200,-47.97200
2597497;170110;77620000;00000000000000;3;Jurídica;3;Mantida;25086638000118;;;001;;;;1;M;MUNICIPAL;;;;;04;Unidade SEM atividade de Ensino;;;03;Atendimento de demanda espontânea e referenciada;02;CENTRO DE SAUDE/UNIDADE BASICA;03;ATENDIMENTOS NOS TURNOS DA MANHA E A TARDE;;;99;TIPO DE PRESTADOR NÃO INFORMADO;;;;;;;;;;;;;;;;;;;;0;1;0;0;0;0;1;0;0;0;0;0;0;0;0;0;0;0;0;0;0;0;0;0;0;0;0;0;0;0;0;0;0;1;0;0;0;0;0;0;0;1;0;1;1;1;0;1;0;1;0;0;0;0;0;0;0;0;0;0;0;0;0;0;0;0;0;0;0;0;0;0;0;0;0;0;1;0;0;0;1;0;1;0;0;0;0;0;0;0;1;0;0;1;1;0;0;0;1;0;0;0;1;1;0;0;0;0;0;0;0;0;0;0;0;0;0;0;0;0;0;0;0;1;0;0;0;0;0;0;0;0;0;0;0;0;0;0;0;0;0;0;0;0;0;0;0;0;0;0;0;0;0;0;0;0;0;0;0;1;201809;201901;2019;01;2019/01;Aparecida do Rio Negro;APARECIDA DO RIO NEGRO;S;N;N;1790;1705;17900;-9.952;-47.972;265;1160.363;170110;TO;17;TOCANTINS;-9.95200,-47.97200
7165374;170110;77620000;13928459000100;3;Jurídica;1;Individual;00000000000000;;;;;;;1;M;MUNICIPAL;;;;;04;Unidade SEM atividade de Ensino;;;03;Atendimento de demanda espontânea e referenciada;39;UNIDADE DE APOIO DIAGNOSE E TERAPIA (SADT ISOLADO);06;ATENDIMENTO CONTINUO DE 24 HORAS/DIA (PLANTAO: INCLUI SABADOS DOMINGOS E FERIADOS);;;99;TIPO DE PRESTADOR NÃO INFORMADO;083;59218;5615-4;;;;;150;20121126;1;SES;;;;;;;;;0;0;0;1;0;0;1;0;0;0;0;0;0;0;0;0;0;0;0;0;0;0;0;0;0;0;0;0;0;0;0;0;0;0;0;0;1;0;0;0;0;0;0;0;0;0;0;0;0;1;0;0;0;0;0;0;0;0;0;0;0;0;0;0;0;0;0;0;0;0;0;0;0;0;0;0;0;0;0;0;0;0;1;0;0;0;0;0;0;0;0;0;0;0;0;0;0;0;1;0;1;0;1;1;0;0;0;0;0;0;0;0;0;0;0;0;0;0;0;0;0;0;0;0;0;0;0;0;0;1;1;0;0;0;0;0;0;0;0;0;0;0;0;0;0;0;0;0;0;0;0;0;0;0;0;0;0;0;0;1;201812;201901;2019;01;2019/01;Aparecida do Rio Negro;APARECIDA DO RIO NEGRO;S;N;N;1790;1705;17900;-9.952;-47.972;265;1160.363;170110;TO;17;TOCANTINS;-9.95200,-47.97200
7701284;170110;77620000;00000000000000;3;Jurídica;3;Mantida;25086638000118;;;;;;;1;M;MUNICIPAL;;;;;04;Unidade SEM atividade de Ensino;;;01;Atendimento de demanda espontânea;50;UNIDADE DE VIGILANCIA EM SAUDE;03;ATENDIMENTOS NOS TURNOS DA MANHA E A TARDE;;;99;TIPO DE PRESTADOR NÃO INFORMADO;;;;;;;;;;;;;;;;;;;;0;1;0;0;0;0;1;0;0;0;0;0;0;0;0;0;0;0;0;0;0;0;0;0;0;0;0;0;0;0;0;0;0;0;0;0;0;0;0;0;0;0;0;0;0;0;0;0;0;0;0;0;0;0;0;0;0;0;0;0;0;0;0;0;0;0;0;0;0;0;0;0;0;0;0;0;1;0;0;0;0;0;0;0;0;0;0;0;0;0;0;0;0;1;0;0;0;0;1;0;0;0;1;1;0;0;0;0;0;0;0;0;0;0;0;0;0;0;0;0;0;0;0;0;0;0;0;0;0;0;0;0;0;0;0;0;0;0;0;0;0;0;0;0;0;0;0;1;0;0;0;0;0;0;0;0;0;0;0;1;201806;201901;2019;01;2019/01;Aparecida do Rio Negro;APARECIDA DO RIO NEGRO;S;N;N;1790;1705;17900;-9.952;-47.972;265;1160.363;170110;TO;17;TOCANTINS;-9.95200,-47.97200
7701292;170110;77620000;00000000000000;3;Jurídica;3;Mantida;25086638000118;;;;;;;1;M;MUNICIPAL;;;;;04;Unidade SEM atividade de Ensino;;;01;Atendimento de demanda espontânea;68;CENTRAL DE GESTAO EM SAUDE;03;ATENDIMENTOS NOS TURNOS DA MANHA E A TARDE;;;99;TIPO DE PRESTADOR NÃO INFORMADO;;;;;;;;;;;;;;;;;;;;0;0;0;0;0;1;1;0;0;0;0;0;0;0;0;0;0;0;0;0;0;0;0;0;0;0;0;0;0;0;0;0;0;0;0;0;0;0;0;0;0;0;0;0;0;0;0;0;0;0;0;0;0;0;0;0;0;0;0;0;0;0;0;0;0;0;0;0;0;0;0;0;0;0;0;0;0;0;0;0;0;0;0;0;0;0;0;0;0;0;0;0;0;0;0;0;0;0;0;0;0;0;1;1;0;0;0;0;0;0;0;0;0;0;0;0;0;0;0;0;0;0;0;1;0;0;0;0;0;0;0;0;0;0;0;0;0;0;0;0;0;0;0;0;0;0;0;0;0;0;0;0;0;0;0;0;0;0;0;1;201806;201901;2019;01;2019/01;Aparecida do Rio Negro;APARECIDA DO RIO NEGRO;S;N;N;1790;1705;17900;-9.952;-47.972;265;1160.363;170110;TO;17;TOCANTINS;-9.95200,-47.97200
2600404;170130;77845000;00000000000000;3;Jurídica;3;Mantida;25063884000154;;;;;;;1;D;DUPLA;;;;;04;Unidade SEM atividade de Ensino;;;03;Atendimento de demanda espontânea e referenciada;02;CENTRO DE SAUDE/UNIDADE BASICA;03;ATENDIMENTOS NOS TURNOS DA MANHA E A TARDE;;;99;TIPO DE PRESTADOR NÃO INFORMADO;;;;;;;;033/02;20020227;2;SMS;;;;;;;;;0;1;1;0;0;0;1;0;0;0;0;0;0;0;0;0;0;0;0;0;0;0;0;0;0;0;0;0;0;0;0;0;0;0;0;2;0;0;0;0;1;5;0;1;1;0;0;0;0;1;0;0;0;0;0;0;0;0;0;0;0;0;0;0;0;0;0;6;0;0;0;0;0;0;0;0;1;0;1;0;1;0;1;0;0;0;0;0;0;0;0;0;0;1;1;0;0;0;1;1;1;0;1;1;0;0;0;0;0;0;0;0;0;0;0;0;0;0;0;0;0;0;0;1;0;0;0;0;0;1;0;0;0;0;0;0;0;0;0;0;0;0;0;0;0;0;0;0;0;0;0;0;0;0;0;0;0;0;0;1;201901;201901;2019;01;2019/01;Aragominas;ARAGOMINAS;S;N;N;1790;1702;17900;-7.162;-48.528;345;1173.026;170130;TO;17;TOCANTINS;-7.16200,-48.52800
6865259;170130;77845000;00000000000000;3;Jurídica;3;Mantida;25063884000154;;;;;;;1;M;MUNICIPAL;;;;;04;Unidade SEM atividade de Ensino;;;01;Atendimento de demanda espontânea;68;CENTRAL DE GESTAO EM SAUDE;03;ATENDIMENTOS NOS TURNOS DA MANHA E A TARDE;;;99;TIPO DE PRESTADOR NÃO INFORMADO;;;;;;;;;;;;;;;;;;;;0;0;0;1;0;0;1;0;0;0;0;0;0;0;0;0;0;0;0;0;0;0;0;0;0;0;0;0;0;0;0;0;0;0;0;0;0;0;0;0;0;0;0;0;0;0;0;0;0;0;0;0;0;0;0;0;0;0;0;0;0;0;0;0;0;0;0;0;0;0;0;0;0;0;0;0;0;0;0;0;0;0;0;0;0;0;0;0;0;0;0;0;0;0;0;0;0;0;0;0;0;0;1;1;0;0;0;0;0;0;0;0;0;0;0;0;0;0;0;0;0;0;0;1;0;0;0;0;0;0;0;0;0;0;0;0;0;0;0;0;0;1;0;0;0;0;0;1;0;0;0;0;0;0;0;0;0;0;0;1;201901;201901;2019;01;2019/01;Aragominas;ARAGOMINAS;S;N;N;1790;1702;17900;-7.162;-48.528;345;1173.026;170130;TO;17;TOCANTINS;-7.16200,-48.52800
7524900;170130;77845000;00000000000000;3;Jurídica;3;Mantida;25063884000154;;;;;;;1;M;MUNICIPAL;;;;;04;Unidade SEM atividade de Ensino;;;01;Atendimento de demanda espontânea;50;UNIDADE DE VIGILANCIA EM SAUDE;03;ATENDIMENTOS NOS TURNOS DA MANHA E A TARDE;;;99;TIPO DE PRESTADOR NÃO INFORMADO;;;;;;;;;;;;;;;;;;;;0;1;0;0;0;0;1;0;0;0;0;0;0;0;0;0;0;0;0;0;0;0;0;0;0;0;0;0;0;0;0;0;0;0;0;0;0;0;0;0;0;0;0;0;0;0;0;0;0;0;0;0;0;0;0;0;0;0;0;0;0;0;0;0;0;0;0;0;0;0;0;0;0;0;0;0;0;0;0;0;0;0;0;0;0;0;0;0;0;0;0;0;0;0;0;0;0;0;0;0;0;0;1;1;0;0;0;0;0;0;0;0;0;0;0;0;0;0;0;0;0;0;0;0;0;0;0;0;0;0;0;0;0;0;0;0;0;0;0;0;0;0;0;0;0;0;0;1;0;0;0;0;0;0;0;0;0;0;0;1;201901;201901;2019;01;2019/01;Aragominas;ARAGOMINAS;S;N;N;1790;1702;17900;-7.162;-48.528;345;1173.026;170130;TO;17;TOCANTINS;-7.16200,-48.52800
7591845;170130;77845000;00000000000000;3;Jurídica;3;Mantida;25063884000154;;;;;;;1;M;MUNICIPAL;;;;;04;Unidade SEM atividade de Ensino;;;03;Atendimento de demanda espontânea e referenciada;40;UNIDADE MOVEL TERRESTRE;03;ATENDIMENTOS NOS TURNOS DA MANHA E A TARDE;;;99;TIPO DE PRESTADOR NÃO INFORMADO;;;;;;;;;;;;;;;;;;;;0;1;0;0;0;0;1;0;0;0;0;0;0;0;0;0;0;0;0;0;0;0;0;0;0;0;0;0;0;0;0;0;0;0;0;0;0;0;0;0;0;1;0;0;0;0;0;0;0;1;0;0;0;0;0;0;0;0;0;0;0;0;0;0;0;0;0;0;0;0;0;0;0;0;0;0;0;0;0;0;0;0;0;0;0;0;0;0;0;0;0;0;0;0;0;0;0;0;0;0;0;0;0;0;0;0;0;0;0;0;0;0;0;0;0;0;0;0;0;0;0;0;0;1;0;0;0;0;0;0;0;0;0;0;0;0;0;0;0;0;0;0;0;0;0;0;0;0;0;0;0;0;0;0;0;0;0;0;0;1;201809;201901;2019;01;2019/01;Aragominas;ARAGOMINAS;S;N;N;1790;1702;17900;-7.162;-48.528;345;1173.026;170130;TO;17;TOCANTINS;-7.16200,-48.52800
9388648;170130;77845000;00000000000000;3;Jurídica;3;Mantida;25063884000154;;;;;;;1;M;MUNICIPAL;;;;;04;Unidade SEM atividade de Ensino;;;01;Atendimento de demanda espontânea;02;CENTRO DE SAUDE/UNIDADE BASICA;03;ATENDIMENTOS NOS TURNOS DA MANHA E A TARDE;;;99;TIPO DE PRESTADOR NÃO INFORMADO;;;;;;;;;;;;;;;;;;;;0;1;0;0;0;0;1;0;0;0;0;0;0;0;0;0;0;0;0;0;0;0;0;0;0;0;0;0;0;0;0;0;0;0;0;0;0;0;0;0;0;1;0;1;1;0;0;0;0;1;0;0;0;0;0;0;0;0;0;0;0;0;0;0;0;0;0;0;0;0;0;0;0;0;0;0;1;0;1;0;1;0;1;0;0;0;0;0;0;0;0;0;0;1;1;0;0;0;1;0;0;0;1;1;0;0;0;0;0;0;0;0;0;0;0;0;0;0;0;0;0;0;0;1;0;0;0;0;0;0;0;0;0;0;0;0;0;0;0;0;0;0;0;0;0;0;0;0;0;0;0;0;0;0;0;0;0;0;0;1;201901;201901;2019;01;2019/01;Aragominas;ARAGOMINAS;S;N;N;1790;1702;17900;-7.162;-48.528;345;1173.026;170130;TO;17;TOCANTINS;-7.16200,-48.52800
9388850;170130;77845000;00000000000000;3;Jurídica;3;Mantida;25063884000154;;;;;;;1;M;MUNICIPAL;;;;;04;Unidade SEM atividade de Ensino;;;01;Atendimento de demanda espontânea;02;CENTRO DE SAUDE/UNIDADE BASICA;03;ATENDIMENTOS NOS TURNOS DA MANHA E A TARDE;;;99;TIPO DE PRESTADOR NÃO INFORMADO;;;;;;;;;;;;;;;;;;;;0;1;0;0;0;0;1;0;0;0;0;0;0;0;0;0;0;0;0;0;0;0;0;0;0;0;0;0;0;0;0;0;0;0;0;0;0;0;0;0;0;1;0;1;1;0;0;0;0;1;0;0;0;0;0;0;0;0;0;0;0;0;0;0;0;0;0;0;0;0;0;0;0;0;0;0;1;0;1;0;1;0;1;0;0;0;0;0;0;0;0;0;0;1;1;0;0;0;1;0;0;0;1;1;0;0;0;0;0;0;0;0;0;0;0;0;0;0;0;0;0;0;0;1;0;0;0;0;0;0;0;0;0;0;0;0;0;0;0;0;0;0;0;0;0;0;0;0;0;0;0;0;0;0;0;0;0;0;0;1;201901;201901;2019;01;2019/01;Aragominas;ARAGOMINAS;S;N;N;1790;1702;17900;-7.162;-48.528;345;1173.026;170130;TO;17;TOCANTINS;-7.16200,-48.52800
2560232;170190;77690000;00000000000000;3;Jurídica;3;Mantida;02070621000177;;;01;;;;1;M;MUNICIPAL;;;;;04;Unidade SEM atividade de Ensino;;;03;Atendimento de demanda espontânea e referenciada;02;CENTRO DE SAUDE/UNIDADE BASICA;03;ATENDIMENTOS NOS TURNOS DA MANHA E A TARDE;;;99;TIPO DE PRESTADOR NÃO INFORMADO;;;;;;;;;;;;;;;;;;;;0;1;0;0;0;0;1;0;0;0;0;0;0;0;0;0;0;0;0;0;0;0;0;0;0;0;0;0;0;0;0;0;0;2;0;0;0;0;0;0;0;2;0;1;1;1;0;1;1;1;0;0;0;0;0;0;0;0;0;0;0;0;0;0;0;0;0;0;0;0;0;0;0;0;0;0;1;0;0;0;1;0;1;0;0;0;0;0;0;0;0;0;0;1;1;0;0;0;1;1;1;0;1;1;0;0;0;0;0;0;0;0;0;0;0;0;0;0;0;0;0;0;0;1;0;0;0;0;0;0;0;0;0;0;0;0;0;0;0;0;0;0;0;0;0;0;0;1;0;0;0;0;0;0;0;0;0;0;0;1;201809;201901;2019;01;2019/01;Araguacema;ARAGUACEMA;S;N;N;1790;1708;17900;-8.804;-49.556;159;2778.452;170190;TO;17;TOCANTINS;-8.80400,-49.55600
2765632;170190;77690000;00000000000000;3;Jurídica;3;Mantida;02070621000177;;;;;;;1;M;MUNICIPAL;;;;;04;Unidade SEM atividade de Ensino;;;03;Atendimento de demanda espontânea e referenciada;05;HOSPITAL GERAL;06;ATENDIMENTO CONTINUO DE 24 HORAS/DIA (PLANTAO: INCLUI SABADOS DOMINGOS E FERIADOS);;;99;TIPO DE PRESTADOR NÃO INFORMADO;;;;;;;;;;;;;;;;;;;;0;1;0;1;0;0;1;0;0;0;1;0;0;1;3;7;0;1;0;0;0;0;0;0;0;0;0;0;0;0;1;1;1;0;0;0;0;1;1;1;0;0;0;1;0;0;0;0;0;1;1;1;0;1;1;1;0;0;1;0;0;0;0;0;1;1;3;0;0;4;2;0;0;2;1;1;1;0;1;0;1;0;1;0;0;0;1;0;0;0;1;0;1;0;1;0;1;0;1;1;1;1;1;1;0;0;0;0;0;0;0;0;0;0;0;0;0;1;0;0;0;0;0;1;0;0;0;0;0;1;0;0;0;0;0;1;0;0;0;0;0;0;0;0;0;0;0;0;0;0;0;0;0;0;0;0;0;0;0;1;201605;201901;2019;01;2019/01;Araguacema;ARAGUACEMA;S;N;N;1790;1708;17900;-8.804;-49.556;159;2778.452;170190;TO;17;TOCANTINS;-8.80400,-49.55600
6665772;170190;77690000;00000000000000;3;Jurídica;3;Mantida;02070621000177;;;;;;;1;M;MUNICIPAL;;;;;04;Unidade SEM atividade de Ensino;;;03;Atendimento de demanda espontânea e referenciada;68;CENTRAL DE GESTAO EM SAUDE;03;ATENDIMENTOS NOS TURNOS DA MANHA E A TARDE;;;99;TIPO DE PRESTADOR NÃO INFORMADO;;;;;;;;040;20100719;2;SMS;;;;;;;;;0;0;0;1;0;0;1;0;0;0;0;0;0;0;0;0;0;0;0;0;0;0;0;0;0;0;0;0;0;0;0;0;0;0;0;0;0;0;0;0;0;0;0;0;0;0;0;0;0;0;0;0;0;0;0;0;0;0;0;0;0;0;0;0;0;0;0;0;0;0;0;0;0;0;0;0;0;0;0;0;0;0;0;0;0;0;0;0;0;0;0;0;0;0;0;0;0;0;0;0;0;0;1;1;0;0;0;0;0;0;0;0;0;0;0;0;0;0;0;0;0;0;0;0;0;0;0;0;0;0;0;0;0;0;0;0;0;0;0;0;0;1;0;0;0;0;0;1;0;0;0;0;0;0;0;0;0;0;0;1;201805;201901;2019;01;2019/01;Araguacema;ARAGUACEMA;S;N;N;1790;1708;17900;-8.804;-49.556;159;2778.452;170190;TO;17;TOCANTINS;-8.80400,-49.55600
7510640;170190;77690000;00000000000000;3;Jurídica;3;Mantida;02070621000177;;;;;;;1;M;MUNICIPAL;;;;;04;Unidade SEM atividade de Ensino;;;03;Atendimento de demanda espontânea e referenciada;02;CENTRO DE SAUDE/UNIDADE BASICA;03;ATENDIMENTOS NOS TURNOS DA MANHA E A TARDE;;;99;TIPO DE PRESTADOR NÃO INFORMADO;;;;;;;;051/2014;20140519;2;SMS;;;;;;;;;0;1;0;0;0;0;1;0;0;0;0;0;0;0;0;0;0;0;0;0;0;0;0;0;0;0;0;0;0;0;0;0;0;2;0;0;0;0;0;0;0;2;0;1;0;1;0;0;0;1;0;0;0;0;0;0;0;0;0;0;0;0;0;0;0;0;0;0;0;0;0;0;0;0;0;0;0;0;0;0;0;0;0;0;0;0;0;0;0;0;0;0;0;0;0;0;0;0;0;0;0;0;1;1;0;0;0;0;0;0;0;0;0;0;0;0;0;0;0;0;0;0;0;1;0;0;0;0;0;0;0;0;0;0;0;0;0;0;0;0;0;0;0;0;0;0;0;1;0;0;0;0;0;0;0;0;0;0;0;1;201708;201901;2019;01;2019/01;Araguacema;ARAGUACEMA;S;N;N;1790;1708;17900;-8.804;-49.556;159;2778.452;170190;TO;17;TOCANTINS;-8.80400,-49.55600
7862768;170190;77690000;00000000000000;3;Jurídica;3;Mantida;02070621000177;;;;;;;1;M;MUNICIPAL;;;;;04;Unidade SEM atividade de Ensino;;;03;Atendimento de demanda espontânea e referenciada;50;UNIDADE DE VIGILANCIA EM SAUDE;03;ATENDIMENTOS NOS TURNOS DA MANHA E A TARDE;;;99;TIPO DE PRESTADOR NÃO INFORMADO;;;;;;;;078/2015;20150101;2;SMS;;;;;;;;;0;1;0;0;0;0;1;0;0;0;0;0;0;0;0;0;0;0;0;0;0;0;0;0;0;0;0;0;0;0;0;0;0;0;0;0;0;0;0;0;0;0;0;0;0;0;0;0;0;0;0;0;0;0;0;0;0;0;0;0;0;0;0;0;0;0;0;0;0;0;0;0;0;0;0;0;0;0;0;0;0;0;0;0;0;0;0;0;0;0;0;0;0;0;0;0;0;0;0;0;0;0;1;1;0;0;0;0;0;0;0;0;0;0;0;0;0;0;0;0;0;0;0;0;0;0;0;0;0;0;0;0;0;0;0;0;0;0;0;0;0;0;0;0;0;0;0;1;0;0;0;0;0;0;0;0;0;0;0;1;201803;201901;2019;01;2019/01;Araguacema;ARAGUACEMA;S;N;N;1790;1708;17900;-8.804;-49.556;159;2778.452;170190;TO;17;TOCANTINS;-8.80400,-49.55600
9454322;170190;77690000;00000000000000;3;Jurídica;3;Mantida;02070621000177;;;;;;;1;M;MUNICIPAL;;;;;04;Unidade SEM atividade de Ensino;;;01;Atendimento de demanda espontânea;74;POLO ACADEMIA DA SAUDE;03;ATENDIMENTOS NOS TURNOS DA MANHA E A TARDE;;;99;TIPO DE PRESTADOR NÃO INFORMADO;;;;;;;;010/2018;20180223;2;SMS;;;;;;;;;0;1;0;0;0;0;1;0;0;0;0;0;0;0;0;0;0;0;0;0;0;0;0;0;0;0;0;0;0;0;0;0;0;0;0;0;1;0;0;0;0;0;0;0;0;0;0;0;0;1;0;0;0;0;0;0;0;0;0;0;0;0;0;0;0;0;0;0;0;0;0;0;0;0;0;0;0;0;0;0;0;0;0;0;0;0;0;0;0;0;0;0;0;0;0;0;0;0;0;0;0;0;1;1;0;0;0;0;0;0;0;0;0;0;0;0;0;0;0;0;0;0;0;1;0;0;0;0;0;0;0;0;0;0;0;0;0;0;0;0;0;0;0;0;0;0;0;0;0;0;0;0;0;0;0;0;0;0;0;1;201804;201901;2019;01;2019/01;Araguacema;ARAGUACEMA;S;N;N;1790;1708;17900;-8.804;-49.556;159;2778.452;170190;TO;17;TOCANTINS;-8.80400,-49.55600
2468948;170200;77475000;00000000000000;3;Jurídica;3;Mantida;02391407000112;;;;;;;1;M;MUNICIPAL;;;;;04;Unidade SEM atividade de Ensino;;;02;Atendimento de demanda referenciada;02;CENTRO DE SAUDE/UNIDADE BASICA;03;ATENDIMENTOS NOS TURNOS DA MANHA E A TARDE;;;99;TIPO DE PRESTADOR NÃO INFORMADO;;;;;;;;019/2001;20010319;2;SMS;;;;;;;;;0;1;0;0;0;0;1;0;0;0;0;0;0;0;0;0;0;0;0;0;0;0;0;0;0;0;0;0;0;0;0;0;0;1;0;2;0;0;0;0;0;2;0;2;1;1;0;1;0;1;0;0;0;0;0;0;0;0;0;0;0;0;0;0;0;0;0;0;0;0;0;0;0;0;0;0;1;0;1;0;1;0;1;0;0;0;0;0;0;0;1;0;0;1;1;0;0;0;1;0;0;0;1;1;0;0;0;0;0;0;0;0;0;0;0;0;0;0;0;0;0;0;0;1;0;0;0;0;0;0;0;0;0;0;0;0;0;0;0;0;0;0;0;0;0;0;0;0;0;0;0;0;0;0;0;0;0;0;0;1;201902;201901;2019;01;2019/01;Araguaçu;ARAGUACU;S;N;N;1790;1710;17900;-12.931;-49.826;278;5167.886;170200;TO;17;TOCANTINS;-12.93100,-49.82600
2546671;170200;77475000;25053117005557;3;Jurídica;3;Mantida;25053117000164;;;;;;;1;E;ESTADUAL;;;;;04;Unidade SEM atividade de Ensino;;;03;Atendimento de demanda espontânea e referenciada;05;HOSPITAL GERAL;06;ATENDIMENTO CONTINUO DE 24 HORAS/DIA (PLANTAO: INCLUI SABADOS DOMINGOS E FERIADOS);;;99;TIPO DE PRESTADOR NÃO INFORMADO;001;36153;81086X;;;;;;;1;SES;;;;;;;;;0;0;1;0;0;0;1;0;0;1;0;0;0;1;6;10;1;1;0;0;0;0;0;0;0;0;0;0;0;0;1;1;1;0;0;0;3;0;0;0;1;0;0;0;0;1;0;0;0;1;1;0;0;1;1;1;0;0;1;0;0;0;0;0;0;0;0;4;0;0;2;0;0;0;0;1;1;0;1;0;1;0;1;0;0;1;0;0;0;0;0;1;0;1;1;0;0;0;1;1;1;1;1;1;0;0;1;0;0;0;0;0;0;0;1;0;1;1;0;0;0;0;0;1;0;0;0;0;0;1;0;0;0;0;0;1;0;0;0;0;0;0;0;0;0;0;0;0;0;0;0;0;0;0;0;0;0;0;0;1;201805;201901;2019;01;2019/01;Araguaçu;ARAGUACU;S;N;N;1790;1710;17900;-12.931;-49.826;278;5167.886;170200;TO;17;TOCANTINS;-12.93100,-49.82600
2649411;170200;77475000;00000000000000;3;Jurídica;3;Mantida;02391407000112;;;001;;;;1;M;MUNICIPAL;;;;;04;Unidade SEM atividade de Ensino;;;01;Atendimento de demanda espontânea;01;POSTO DE SAUDE;03;ATENDIMENTOS NOS TURNOS DA MANHA E A TARDE;;;99;TIPO DE PRESTADOR NÃO INFORMADO;;;;;;;;;;;;;;;;;;;;0;1;0;0;0;0;1;0;0;0;0;0;0;0;0;0;0;0;0;0;0;0;0;0;0;0;0;0;0;0;0;0;0;0;0;0;1;0;0;0;0;1;0;0;1;1;0;1;0;1;0;0;0;0;0;0;0;0;0;0;0;0;0;0;0;0;0;0;0;0;0;0;0;0;0;0;1;0;0;0;1;0;1;0;0;0;0;0;0;0;0;0;0;1;0;0;0;0;1;0;0;0;1;1;0;0;0;0;0;0;0;0;0;0;0;0;0;0;0;0;0;0;0;1;0;0;0;0;0;0;0;0;0;0;0;0;0;0;0;0;0;0;0;0;0;0;0;0;0;0;0;0;0;0;0;0;0;0;0;1;201902;201901;2019;01;2019/01;Araguaçu;ARAGUACU;S;N;N;1790;1710;17900;-12.931;-49.826;278;5167.886;170200;TO;17;TOCANTINS;-12.93100,-49.82600
2649446;170200;77475000;00000000000000;3;Jurídica;3;Mantida;02391407000112;;;001;;;;1;M;MUNICIPAL;;;;;04;Unidade SEM atividade de Ensino;;;01;Atendimento de demanda espontânea;01;POSTO DE SAUDE;03;ATENDIMENTOS NOS TURNOS DA MANHA E A TARDE;;;99;TIPO DE PRESTADOR NÃO INFORMADO;;;;;;;;;;;;;;;;;;;;0;1;0;0;0;0;1;0;0;0;0;0;0;0;0;0;0;0;0;0;0;0;0;0;0;0;0;0;0;0;0;0;0;1;0;0;0;0;0;0;0;0;0;0;0;1;0;1;0;1;0;0;0;0;0;0;0;0;0;0;0;0;0;0;0;0;0;0;0;0;0;0;0;0;0;0;1;0;0;0;0;0;0;0;0;0;0;0;0;0;0;0;0;0;0;0;0;0;1;0;0;0;0;0;0;0;0;0;0;0;0;0;0;0;0;0;0;0;0;0;0;0;0;1;0;0;0;0;0;0;0;0;0;0;0;0;0;0;0;0;0;0;0;0;0;0;0;0;0;0;0;0;0;0;0;0;0;0;0;1;201902;201901;2019;01;2019/01;Araguaçu;ARAGUACU;S;N;N;1790;1710;17900;-12.931;-49.826;278;5167.886;170200;TO;17;TOCANTINS;-12.93100,-49.82600
5603609;170200;77475000;00896233000114;3;Jurídica;1;Individual;00000000000000;;;;;;;1;D;DUPLA;;;;;04;Unidade SEM atividade de Ensino;;;03;Atendimento de demanda espontânea e referenciada;39;UNIDADE DE APOIO DIAGNOSE E TERAPIA (SADT ISOLADO);03;ATENDIMENTOS NOS TURNOS DA MANHA E A TARDE;;;99;TIPO DE PRESTADOR NÃO INFORMADO;087;0;000005328;;;;;002378;20130405;1;SES;;;;;;;;;0;0;1;1;0;0;1;0;0;0;0;0;0;0;0;0;0;0;0;0;0;0;0;0;0;0;0;0;0;0;0;0;0;0;0;0;0;0;0;0;0;0;0;0;0;0;0;0;0;0;0;0;0;0;0;0;0;0;0;0;0;0;0;0;0;0;0;0;0;0;0;0;0;0;0;0;1;0;0;0;0;0;1;0;0;0;0;0;0;0;0;0;0;0;0;0;0;0;1;1;1;0;0;1;0;0;0;0;0;0;0;0;0;0;0;0;0;0;0;0;0;0;0;0;0;0;0;0;0;1;1;0;0;0;0;0;0;0;0;0;0;0;0;0;0;0;0;0;0;0;0;0;0;0;0;0;0;0;0;1;201401;201901;2019;01;2019/01;Araguaçu;ARAGUACU;S;N;N;1790;1710;17900;-12.931;-49.826;278;5167.886;170200;TO;17;TOCANTINS;-12.93100,-49.82600
6020569;170200;77475000;00000000000000;3;Jurídica;3;Mantida;02391407000112;;;;;;;1;M;MUNICIPAL;;;;;04;Unidade SEM atividade de Ensino;;;03;Atendimento de demanda espontânea e referenciada;02;CENTRO DE SAUDE/UNIDADE BASICA;03;ATENDIMENTOS NOS TURNOS DA MANHA E A TARDE;;;99;TIPO DE PRESTADOR NÃO INFORMADO;;;;;;;;;;;;;;;;;;;;0;1;0;0;0;0;1;0;0;0;0;0;0;0;0;0;0;0;0;0;0;0;0;0;0;0;0;0;0;0;0;0;0;1;0;0;0;0;0;0;0;1;0;1;1;0;0;1;0;1;0;0;0;0;0;0;0;0;0;0;0;0;0;0;0;0;0;0;0;0;0;0;0;0;0;0;1;0;0;0;1;0;1;0;0;0;0;0;0;0;0;0;0;1;1;0;0;0;1;0;0;0;1;1;0;0;0;0;0;0;0;0;0;0;0;0;0;0;0;0;0;0;0;1;0;0;0;0;0;0;0;0;0;0;0;0;0;0;0;0;0;0;0;0;0;0;0;0;0;0;0;0;0;0;0;0;0;0;0;1;201902;201901;2019;01;2019/01;Araguaçu;ARAGUACU;S;N;N;1790;1710;17900;-12.931;-49.826;278;5167.886;170200;TO;17;TOCANTINS;-12.93100,-49.82600
6449301;170200;77475000;00000000000000;3;Jurídica;3;Mantida;02391407000112;;;;;;;1;M;MUNICIPAL;;;;;04;Unidade SEM atividade de Ensino;;;01;Atendimento de demanda espontânea;68;CENTRAL DE GESTAO EM SAUDE;03;ATENDIMENTOS NOS TURNOS DA MANHA E A TARDE;;;99;TIPO DE PRESTADOR NÃO INFORMADO;;;;;;;;;;;;;;;;;;;;0;0;0;1;0;0;1;0;0;0;0;0;0;0;0;0;0;0;0;0;0;0;0;0;0;0;0;0;0;0;0;0;0;0;0;0;0;0;0;0;0;0;0;0;0;0;0;0;0;0;0;0;0;0;0;0;0;0;0;0;0;0;0;0;0;0;0;0;0;0;0;0;0;0;0;0;0;0;0;0;0;0;0;0;0;0;0;0;0;0;0;0;0;0;0;0;0;0;0;0;0;0;1;1;0;0;0;0;0;0;0;0;0;0;0;0;0;0;0;0;0;0;0;1;0;0;0;0;0;0;0;0;0;0;0;0;0;0;0;0;0;0;0;0;0;0;0;0;0;0;0;0;0;0;0;0;0;0;0;1;201902;201901;2019;01;2019/01;Araguaçu;ARAGUACU;S;N;N;1790;1710;17900;-12.931;-49.826;278;5167.886;170200;TO;17;TOCANTINS;-12.93100,-49.82600
7698453;170200;77475000;00000000000000;3;Jurídica;3;Mantida;02391407000112;;;;;;;1;M;MUNICIPAL;;;;;04;Unidade SEM atividade de Ensino;;;01;Atendimento de demanda espontânea;50;UNIDADE DE VIGILANCIA EM SAUDE;03;ATENDIMENTOS NOS TURNOS DA MANHA E A TARDE;;;99;TIPO DE PRESTADOR NÃO INFORMADO;;;;;;;;;;;;;;;;;;;;0;1;0;0;0;0;1;0;0;0;0;0;0;0;0;0;0;0;0;0;0;0;0;0;0;0;0;0;0;0;0;0;0;0;0;0;0;0;0;0;0;0;0;0;0;0;0;0;0;0;0;0;0;0;0;0;0;0;0;0;0;0;0;0;0;0;0;0;0;0;0;0;0;0;0;0;0;0;0;0;0;0;0;0;0;0;0;0;0;0;0;0;0;0;0;0;0;0;0;0;0;0;1;1;0;0;0;0;0;0;0;0;0;0;0;0;0;0;0;0;0;0;0;0;0;0;0;0;0;0;0;0;0;0;0;0;0;0;0;0;0;0;0;0;0;0;0;1;0;0;0;0;0;0;0;0;0;0;0;1;201902;201901;2019;01;2019/01;Araguaçu;ARAGUACU;S;N;N;1790;1710;17900;-12.931;-49.826;278;5167.886;170200;TO;17;TOCANTINS;-12.93100,-49.82600
7752695;170200;77475000;00014221648880;1;Física;1;Individual;00000000000000;;;;;;;0;M;MUNICIPAL;;;;;04;Unidade SEM atividade de Ensino;;;01;Atendimento de demanda espontânea;22;CONSULTORIO ISOLADO;04;ATENDIMENTO NOS TURNOS DA MANHA, TARDE E NOITE;;;99;TIPO DE PRESTADOR NÃO INFORMADO;;;;;;;;45/2019;20190222;2;SMS;;;;;;;;;0;0;0;1;0;0;1;0;0;0;0;0;0;0;0;0;0;0;0;0;0;0;0;0;0;0;0;0;0;0;0;0;0;0;0;0;0;0;0;0;0;1;0;0;0;0;0;0;0;1;0;0;0;0;0;0;0;0;0;0;0;0;0;0;0;0;0;0;0;0;0;0;0;0;0;0;0;0;0;0;0;0;0;0;0;0;0;0;0;0;0;0;1;0;0;0;0;0;1;0;0;0;1;1;0;0;0;0;0;0;0;0;0;0;0;0;0;0;0;0;0;0;0;0;1;0;0;0;0;0;0;0;0;0;0;0;0;0;0;0;0;0;0;0;0;0;0;0;0;0;0;0;0;0;0;0;0;0;0;1;201902;201901;2019;01;2019/01;Araguaçu;ARAGUACU;S;N;N;1790;1710;17900;-12.931;-49.826;278;5167.886;170200;TO;17;TOCANTINS;-12.93100,-49.82600
7752717;170200;77475000;00074772686649;1;Física;1;Individual;00000000000000;;;;;;;0;M;MUNICIPAL;;;;;04;Unidade SEM atividade de Ensino;;;01;Atendimento de demanda espontânea;22;CONSULTORIO ISOLADO;04;ATENDIMENTO NOS TURNOS DA MANHA, TARDE E NOITE;;;99;TIPO DE PRESTADOR NÃO INFORMADO;;;;;;;;05/2019;20190203;2;SMS;;;;;;;;;0;0;0;1;0;0;1;0;0;0;0;0;0;0;0;0;0;0;0;0;0;0;0;0;0;0;0;0;0;0;0;0;0;0;0;0;0;0;0;0;0;1;0;0;0;0;0;0;0;1;0;0;0;0;0;0;0;0;0;0;0;0;0;0;0;0;0;0;0;0;0;0;0;0;0;0;0;0;0;0;0;0;0;0;0;0;0;0;0;0;0;0;0;0;0;0;0;0;0;0;0;0;1;1;0;0;0;0;0;0;0;0;0;0;0;0;0;0;0;0;0;0;0;0;1;0;0;0;0;0;0;0;0;0;0;0;0;0;0;0;0;0;0;0;0;0;0;0;0;0;0;0;0;0;0;0;0;0;0;1;201902;201901;2019;01;2019/01;Araguaçu;ARAGUACU;S;N;N;1790;1710;17900;-12.931;-49.826;278;5167.886;170200;TO;17;TOCANTINS;-12.93100,-49.82600
7862865;170200;77475000;00748427000334;3;Jurídica;1;Individual;00000000000000;;;;;;;1;M;MUNICIPAL;;;;;04;Unidade SEM atividade de Ensino;;;;;39;UNIDADE DE APOIO DIAGNOSE E TERAPIA (SADT ISOLADO);03;ATENDIMENTOS NOS TURNOS DA MANHA E A TARDE;;;99;TIPO DE PRESTADOR NÃO INFORMADO;104;0794;104706-6;;;;;015;20181105;2;SMS;;;;;;;;;0;0;0;1;0;0;1;0;0;0;0;0;0;0;0;0;0;0;0;0;0;0;0;0;0;0;0;0;0;0;0;0;0;0;1;0;0;0;0;0;0;0;0;0;0;0;0;0;0;1;0;0;0;0;0;0;0;0;0;0;0;0;0;0;0;0;0;0;0;0;0;0;0;0;0;0;0;0;0;0;0;0;1;0;0;0;0;0;0;0;0;0;1;0;0;0;0;0;1;0;0;0;1;1;0;0;0;0;0;0;0;0;0;0;0;0;0;0;0;0;0;0;0;0;0;0;0;0;0;1;0;0;0;0;0;0;0;0;0;0;0;0;0;0;0;0;0;0;0;0;0;0;0;0;0;0;0;0;0;1;201901;201901;2019;01;2019/01;Araguaçu;ARAGUACU;S;N;N;1790;1710;17900;-12.931;-49.826;278;5167.886;170200;TO;17;TOCANTINS;-12.93100,-49.82600
9480773;170200;77475000;00000000000000;3;Jurídica;3;Mantida;02391407000112;;;;;;;1;M;MUNICIPAL;;;;;04;Unidade SEM atividade de Ensino;;;02;Atendimento de demanda referenciada;74;POLO ACADEMIA DA SAUDE;03;ATENDIMENTOS NOS TURNOS DA MANHA E A TARDE;;;99;TIPO DE PRESTADOR NÃO INFORMADO;;;;;;;;;;;;;;;;;;;;0;1;0;0;0;0;1;0;0;0;0;0;0;0;0;0;0;0;0;0;0;0;0;0;0;0;0;0;0;0;0;0;0;0;0;0;0;0;0;0;0;0;0;0;0;0;0;0;0;0;0;0;0;0;0;0;0;0;0;0;0;0;0;0;0;0;0;0;0;0;0;0;0;0;0;0;0;0;0;0;0;0;0;0;0;0;0;0;0;0;0;0;0;0;0;0;0;0;0;0;0;0;1;1;0;0;0;0;0;0;0;0;0;0;0;0;0;0;0;0;0;0;0;1;0;0;0;0;0;0;0;0;0;0;0;0;0;0;0;0;0;0;0;0;0;0;0;0;0;0;0;0;0;0;0;0;0;0;0;1;201902;201901;2019;01;2019/01;Araguaçu;ARAGUACU;S;N;N;1790;1710;17900;-12.931;-49.826;278;5167.886;170200;TO;17;TOCANTINS;-12.93100,-49.82600
2370530;170210;77803100;10828031000199;3;Jurídica;1;Individual;00000000000000;;;002;;;;1;M;MUNICIPAL;;;;;04;Unidade SEM atividade de Ensino;;;03;Atendimento de demanda espontânea e referenciada;39;UNIDADE DE APOIO DIAGNOSE E TERAPIA (SADT ISOLADO);03;ATENDIMENTOS NOS TURNOS DA MANHA E A TARDE;;;99;TIPO DE PRESTADOR NÃO INFORMADO;001;06386;553603;;;;;008/2017;;2;SMS;;;;;;;;;0;0;0;1;0;0;1;0;0;0;0;0;0;0;0;0;0;0;0;0;0;0;0;0;0;0;0;0;0;0;0;0;0;0;0;0;1;0;0;0;0;0;0;0;0;0;0;0;0;1;0;0;0;0;0;0;0;0;0;0;0;0;0;0;0;0;0;0;0;0;0;0;0;0;0;0;1;0;0;0;0;0;0;0;0;0;0;0;0;0;0;0;1;1;0;0;0;0;1;0;0;0;1;1;0;0;0;0;0;0;0;0;0;0;0;0;0;0;0;0;0;0;0;1;1;1;1;0;0;0;0;0;0;0;0;0;0;0;0;0;0;0;0;0;0;0;0;0;0;0;0;0;0;0;0;0;0;0;0;1;201803;201901;2019;01;2019/01;Araguaína;ARAGUAINA;S;N;N;1790;1702;17900;-7.191;-48.207;227;4000.395;170210;TO;17;TOCANTINS;-7.19100,-48.20700
2370549;170210;77803060;36986800000170;3;Jurídica;1;Individual;00000000000000;;;002;;;;1;M;MUNICIPAL;;;;;04;Unidade SEM atividade de Ensino;;;03;Atendimento de demanda espontânea e referenciada;36;CLINICA/CENTRO DE ESPECIALIDADE;03;ATENDIMENTOS NOS TURNOS DA MANHA E A TARDE;;;99;TIPO DE PRESTADOR NÃO INFORMADO;001;06386;00000000304131;;;;;568;;2;SMS;;;;;;;;;0;0;0;1;0;0;1;0;0;0;0;0;0;0;0;0;0;0;0;0;0;0;0;0;0;0;0;0;0;0;0;0;0;0;0;0;1;0;0;0;0;0;0;0;0;0;0;0;0;1;0;0;0;0;0;0;0;0;0;0;0;0;0;0;0;0;0;0;0;0;0;0;0;0;0;0;1;0;0;0;0;0;0;0;0;0;0;0;0;0;0;1;0;0;0;0;0;0;1;0;0;0;1;1;0;0;0;0;0;0;0;0;0;0;0;0;0;0;0;0;0;0;0;1;1;0;0;0;0;0;0;0;0;0;0;0;0;0;0;0;0;0;0;0;0;0;0;0;0;0;0;0;0;0;0;0;0;0;0;1;201809;201901;2019;01;2019/01;Araguaína;ARAGUAINA;S;N;N;1790;1702;17900;-7.191;-48.207;227;4000.395;170210;TO;17;TOCANTINS;-7.19100,-48.20700
2370557;170210;77803060;02340251000140;3;Jurídica;1;Individual;00000000000000;;;0002;;;;1;M;MUNICIPAL;;;;;04;Unidade SEM atividade de Ensino;;;03;Atendimento de demanda espontânea e referenciada;39;UNIDADE DE APOIO DIAGNOSE E TERAPIA (SADT ISOLADO);03;ATENDIMENTOS NOS TURNOS DA MANHA E A TARDE;;;99;TIPO DE PRESTADOR NÃO INFORMADO;001;06386;15954;;;;;229;20110426;2;SMS;;;;;;;;;0;0;0;1;0;0;1;0;0;0;0;0;0;0;0;0;0;0;0;0;0;0;0;0;0;0;0;0;0;0;0;0;0;0;0;0;0;0;0;0;0;0;0;0;0;0;0;0;0;0;0;0;0;0;0;0;0;0;0;0;0;0;0;0;0;0;0;0;0;0;0;0;0;0;0;0;1;0;0;0;0;0;1;0;0;0;0;0;0;0;0;0;0;0;0;0;0;0;1;1;0;0;1;1;0;0;0;0;0;0;0;0;0;0;0;0;0;0;0;0;0;0;0;0;0;0;0;0;0;1;1;0;0;0;0;0;0;0;0;0;0;0;0;0;0;0;0;0;0;0;0;0;0;0;0;0;0;0;0;1;201901;201901;2019;01;2019/01;Araguaína;ARAGUAINA;S;N;N;1790;1702;17900;-7.191;-48.207;227;4000.395;170210;TO;17;TOCANTINS;-7.19100,-48.20700
2370565;170210;77803120;02237056000190;3;Jurídica;1;Individual;00000000000000;;;002;;;;1;D;DUPLA;;;;;04;Unidade SEM atividade de Ensino;;;03;Atendimento de demanda espontânea e referenciada;39;UNIDADE DE APOIO DIAGNOSE E TERAPIA (SADT ISOLADO);03;ATENDIMENTOS NOS TURNOS DA MANHA E A TARDE;;;99;TIPO DE PRESTADOR NÃO INFORMADO;001;06386;00000000012785;;;;;380;20121120;2;SMS;;;;;;;;;0;0;1;1;0;0;1;0;0;0;0;0;0;0;0;0;0;0;0;0;0;0;0;0;0;0;0;0;0;0;0;0;0;0;0;0;0;0;0;0;0;0;0;0;0;0;0;0;0;0;0;0;0;0;0;0;0;0;0;0;0;0;0;0;0;0;0;0;0;0;0;0;0;0;0;0;1;0;0;0;0;0;1;0;0;0;0;0;0;0;0;0;1;0;0;0;0;0;1;1;0;0;1;1;0;0;0;0;0;0;0;0;0;0;0;0;0;0;0;0;0;0;0;0;0;0;0;0;0;1;1;1;1;0;0;0;0;0;0;0;0;0;0;0;0;0;0;0;0;0;0;0;0;0;0;0;0;0;0;1;201806;201901;2019;01;2019/01;Araguaína;ARAGUAINA;S;N;N;1790;1702;17900;-7.191;-48.207;227;4000.395;170210;TO;17;TOCANTINS;-7.19100,-48.20700
2370573;170210;77803130;97344501000127;3;Jurídica;1;Individual;00000000000000;;;;;;;1;D;DUPLA;;;;;04;Unidade SEM atividade de Ensino;;;03;Atendimento de demanda espontânea e referenciada;39;UNIDADE DE APOIO DIAGNOSE E TERAPIA (SADT ISOLADO);06;ATENDIMENTO CONTINUO DE 24 HORAS/DIA (PLANTAO: INCLUI SABADOS DOMINGOS E FERIADOS);;;99;TIPO DE PRESTADOR NÃO INFORMADO;001;06386;00000000444243;;;;;741/2014;20140831;1;SES;;;;;;;;;0;0;1;1;0;0;1;0;0;0;0;0;0;0;0;0;0;0;0;0;0;0;0;0;0;0;0;0;0;0;0;0;0;0;0;0;0;0;0;0;0;0;0;0;0;0;0;0;0;0;0;0;0;0;0;0;0;0;0;0;0;0;0;0;0;0;0;0;0;0;0;0;0;0;0;0;1;0;0;0;0;0;0;0;0;0;0;0;0;0;0;0;0;1;0;0;0;0;1;0;0;1;1;1;0;0;0;0;0;0;0;0;0;0;0;0;0;0;0;0;0;0;0;0;0;0;0;0;0;1;1;0;0;0;0;0;0;0;0;0;0;0;0;0;0;0;0;0;0;0;0;0;0;0;0;0;0;0;0;1;201809;201901;2019;01;2019/01;Araguaína;ARAGUAINA;S;N;N;1790;1702;17900;-7.191;-48.207;227;4000.395;170210;TO;17;TOCANTINS;-7.19100,-48.20700
2370581;170210;77818160;38142451000136;3;Jurídica;1;Individual;00000000000000;;;002;;;;1;E;ESTADUAL;;;;;04;Unidade SEM atividade de Ensino;;;02;Atendimento de demanda referenciada;36;CLINICA/CENTRO DE ESPECIALIDADE;04;ATENDIMENTO NOS TURNOS DA MANHA, TARDE E NOITE;;;99;TIPO DE PRESTADOR NÃO INFORMADO;001;44644;119229;;;;;063-2002;20020718;1;SES;;;;;;;;;0;0;0;0;1;0;1;0;0;0;0;0;0;0;0;0;0;0;0;0;0;0;0;0;0;0;0;0;0;0;0;0;0;0;1;0;0;0;0;0;1;0;0;0;0;0;0;0;0;1;0;0;0;0;0;0;0;0;0;0;0;0;0;0;0;0;0;1;0;0;0;0;0;0;0;0;1;0;0;0;0;0;1;0;0;0;0;0;0;0;0;0;1;1;0;0;0;0;1;1;0;0;1;1;0;0;0;1;0;1;0;0;0;0;0;0;1;0;0;0;0;0;0;1;1;0;0;0;0;1;1;0;0;0;0;0;0;0;0;0;0;0;0;0;0;0;0;0;0;0;0;0;0;0;0;0;0;0;0;1;201901;201901;2019;01;2019/01;Araguaína;ARAGUAINA;S;N;N;1790;1702;17900;-7.191;-48.207;227;4000.395;170210;TO;17;TOCANTINS;-7.19100,-48.20700
2370603;170210;77804970;00000000000000;3;Jurídica;3;Mantida;25053117000164;;;;;;;1;E;ESTADUAL;;;;;04;Unidade SEM atividade de Ensino;;;03;Atendimento de demanda espontânea e referenciada;70;CENTRO DE ATENCAO PSICOSSOCIAL;03;ATENDIMENTOS NOS TURNOS DA MANHA E A TARDE;;;99;TIPO DE PRESTADOR NÃO INFORMADO;;;;;;;;037 - 02;20020306;2;SMS;;;;;;;;;0;0;1;0;0;0;1;0;0;0;0;0;0;0;0;0;0;0;0;0;0;0;0;0;0;0;0;0;0;0;0;0;0;2;0;0;3;2;1;0;0;0;0;1;0;0;0;0;0;1;0;0;0;0;0;0;0;0;0;0;0;0;0;0;6;4;0;0;0;0;0;0;0;0;0;0;1;0;1;0;1;0;0;0;0;0;0;0;0;0;0;0;0;1;0;0;0;0;1;1;0;0;1;1;0;0;1;0;0;0;0;0;0;0;0;0;1;0;0;0;0;0;0;1;0;0;0;0;0;0;0;0;0;0;0;0;0;0;0;0;0;0;0;0;0;0;0;0;0;0;0;0;0;0;0;0;0;0;0;1;201901;201901;2019;01;2019/01;Araguaína;ARAGUAINA;S;N;N;1790;1702;17900;-7.191;-48.207;227;4000.395;170210;TO;17;TOCANTINS;-7.19100,-48.20700
2370646;170210;77809630;00767202000163;3;Jurídica;1;Individual;00000000000000;;;002;;;;1;E;ESTADUAL;;;;;03;Unidade Auxiliar de Ensino;;;03;Atendimento de demanda espontânea e referenciada;36;CLINICA/CENTRO DE ESPECIALIDADE;03;ATENDIMENTOS NOS TURNOS DA MANHA E A TARDE;;;99;TIPO DE PRESTADOR NÃO INFORMADO;001;06386;156000;;;;;154/2004;20040928;1;SES;;;;;;;;;0;0;1;0;0;0;1;0;0;0;0;0;0;0;0;0;0;0;0;0;0;0;0;0;0;0;0;0;0;0;0;0;0;0;0;1;6;0;0;0;0;1;0;0;0;0;0;0;0;1;0;0;0;0;0;0;0;0;0;0;0;0;0;0;0;0;0;0;0;0;0;0;0;0;0;0;1;0;1;0;1;0;1;0;1;0;0;0;0;0;0;0;0;0;0;0;0;0;1;1;0;0;1;1;0;0;0;0;0;0;0;0;0;0;0;0;0;0;0;0;0;0;0;1;0;0;0;0;0;1;0;0;0;0;0;0;0;0;0;0;0;0;0;0;0;0;0;0;0;0;0;0;0;0;0;0;0;0;0;1;201901;201901;2019;01;2019/01;Araguaína;ARAGUAINA;S;N;N;1790;1702;17900;-7.191;-48.207;227;4000.395;170210;TO;17;TOCANTINS;-7.19100,-48.20700
2467658;170210;77804970;00000000000000;3;Jurídica;3;Mantida;01830793000139;;;02;;;;1;M;MUNICIPAL;;;;;04;Unidade SEM atividade de Ensino;;;03;Atendimento de demanda espontânea e referenciada;02;CENTRO DE SAUDE/UNIDADE BASICA;03;ATENDIMENTOS NOS TURNOS DA MANHA E A TARDE;;;99;TIPO DE PRESTADOR NÃO INFORMADO;;;;;;;;040/2017;;2;SMS;;;;;;;;;0;1;0;0;0;0;1;0;0;0;0;0;0;0;0;0;0;0;0;0;0;0;0;0;0;0;0;0;0;0;0;0;0;0;0;2;0;0;0;0;0;1;0;1;1;0;0;1;0;1;0;0;0;0;0;0;0;0;0;0;0;0;0;0;0;0;0;0;0;0;0;0;0;0;0;0;1;0;0;0;1;0;1;0;0;0;0;0;0;0;0;0;1;1;0;0;0;0;1;1;1;0;1;1;0;0;0;0;0;0;0;0;0;0;0;0;0;0;0;0;0;0;0;1;0;0;0;0;0;0;0;0;0;0;0;0;0;0;0;0;0;0;0;0;0;0;0;0;0;0;0;0;0;0;0;0;0;0;0;1;201901;201901;2019;01;2019/01;Araguaína;ARAGUAINA;S;N;N;1790;1702;17900;-7.191;-48.207;227;4000.395;170210;TO;17;TOCANTINS;-7.19100,-48.20700
2467666;170210;77804970;00000000000000;3;Jurídica;3;Mantida;01830793000139;;;02;;;;1;M;MUNICIPAL;;;;;04;Unidade SEM atividade de Ensino;;;03;Atendimento de demanda espontânea e referenciada;02;CENTRO DE SAUDE/UNIDADE BASICA;03;ATENDIMENTOS NOS TURNOS DA MANHA E A TARDE;;;99;TIPO DE PRESTADOR NÃO INFORMADO;;;;;;;;047/2017;;2;SMS;;;;;;;;;0;1;0;0;0;0;1;0;0;0;0;0;0;0;0;0;0;0;0;0;0;0;0;0;0;0;0;0;0;0;0;0;0;0;0;1;1;0;0;0;0;1;0;1;1;0;0;0;0;1;0;0;0;0;0;0;0;0;0;0;0;0;0;0;0;0;0;0;0;0;0;0;0;0;0;0;1;0;0;0;1;0;1;0;0;0;0;0;0;0;0;0;1;1;0;0;0;0;1;1;1;0;1;1;0;0;0;0;0;0;0;0;0;0;0;0;0;0;0;0;0;0;0;1;0;0;0;0;0;0;0;0;0;0;0;0;0;0;0;0;0;0;0;0;0;0;0;0;0;0;0;0;0;0;0;0;0;0;0;1;201805;201901;2019;01;2019/01;Araguaína;ARAGUAINA;S;N;N;1790;1702;17900;-7.191;-48.207;227;4000.395;170210;TO;17;TOCANTINS;-7.19100,-48.20700
2467674;170210;77804901;00000000000000;3;Jurídica;3;Mantida;01830793000139;;;02;;;;1;M;MUNICIPAL;;;;;04;Unidade SEM atividade de Ensino;;;03;Atendimento de demanda espontânea e referenciada;02;CENTRO DE SAUDE/UNIDADE BASICA;03;ATENDIMENTOS NOS TURNOS DA MANHA E A TARDE;;;99;TIPO DE PRESTADOR NÃO INFORMADO;;;;;;;;049/2017;;2;SMS;;;;;;;;;0;1;0;0;0;0;1;0;0;0;0;0;0;0;0;0;0;0;0;0;0;0;0;0;0;0;0;0;0;0;0;0;0;0;0;1;0;0;0;0;0;1;0;0;1;0;0;0;0;1;0;0;0;0;0;0;0;0;0;0;0;0;0;0;0;0;0;0;0;0;0;0;0;0;0;0;1;0;0;0;1;0;1;0;0;0;0;0;0;0;0;0;1;1;0;0;0;0;1;1;1;0;1;1;0;0;0;0;0;0;0;0;0;0;0;0;0;0;0;0;0;0;0;1;0;0;0;0;0;0;0;0;0;0;0;0;0;0;0;0;0;0;0;0;0;0;0;0;0;0;0;0;0;0;0;0;0;0;0;1;201810;201901;2019;01;2019/01;Araguaína;ARAGUAINA;S;N;N;1790;1702;17900;-7.191;-48.207;227;4000.395;170210;TO;17;TOCANTINS;-7.19100,-48.20700
2467682;170210;77823350;00000000000000;3;Jurídica;3;Mantida;01830793000139;;;02;;;;1;M;MUNICIPAL;;;;;04;Unidade SEM atividade de Ensino;;;03;Atendimento de demanda espontânea e referenciada;02;CENTRO DE SAUDE/UNIDADE BASICA;03;ATENDIMENTOS NOS TURNOS DA MANHA E A TARDE;;;99;TIPO DE PRESTADOR NÃO INFORMADO;;;;;;;;041/2017;;2;SMS;;;;;;;;;0;1;0;0;0;0;1;0;0;0;0;0;0;0;0;0;0;0;0;0;0;0;0;0;0;0;0;0;0;0;0;0;0;2;1;0;0;0;0;0;0;1;0;2;1;0;0;0;0;1;0;0;0;0;0;0;0;0;0;0;0;0;0;0;0;0;0;0;0;0;0;0;0;0;0;0;1;0;0;0;1;0;1;0;0;0;0;0;0;0;0;0;1;1;0;0;0;0;1;1;1;0;1;1;0;0;0;0;0;0;0;0;0;0;0;0;0;0;0;0;0;0;0;1;0;0;0;0;0;0;0;0;0;0;0;0;0;0;0;0;0;0;0;0;0;0;0;0;0;0;0;0;0;0;0;0;0;0;0;1;201902;201901;2019;01;2019/01;Araguaína;ARAGUAINA;S;N;N;1790;1702;17900;-7.191;-48.207;227;4000.395;170210;TO;17;TOCANTINS;-7.19100,-48.20700
2467690;170210;77818340;00000000000000;3;Jurídica;3;Mantida;01830793000139;;;02;;;;1;M;MUNICIPAL;;;;;04;Unidade SEM atividade de Ensino;;;03;Atendimento de demanda espontânea e referenciada;02;CENTRO DE SAUDE/UNIDADE BASICA;03;ATENDIMENTOS NOS TURNOS DA MANHA E A TARDE;;;99;TIPO DE PRESTADOR NÃO INFORMADO;;;;;;;;036/2017;;2;SMS;;;;;;;;;0;1;0;0;0;0;1;0;0;0;0;0;0;0;0;0;0;0;0;0;0;0;0;0;0;0;0;0;0;0;0;0;0;1;0;0;0;0;0;0;0;1;0;1;1;0;0;1;0;1;0;0;0;0;0;0;0;0;0;0;0;0;0;0;0;0;0;0;0;0;0;0;0;0;0;0;1;0;0;0;1;0;1;0;0;0;0;0;0;0;0;0;1;1;0;0;0;0;1;1;1;0;1;1;0;0;0;0;0;0;0;0;0;0;0;0;0;0;0;0;0;0;0;1;0;0;0;0;0;0;0;0;0;0;0;0;0;0;0;0;0;0;0;0;0;0;0;0;0;0;0;0;0;0;0;0;0;0;0;1;201708;201901;2019;01;2019/01;Araguaína;ARAGUAINA;S;N;N;1790;1702;17900;-7.191;-48.207;227;4000.395;170210;TO;17;TOCANTINS;-7.19100,-48.20700
2467704;170210;77804970;00000000000000;3;Jurídica;3;Mantida;01830793000139;;;02;;;;1;M;MUNICIPAL;;;;;04;Unidade SEM atividade de Ensino;;;03;Atendimento de demanda espontânea e referenciada;02;CENTRO DE SAUDE/UNIDADE BASICA;03;ATENDIMENTOS NOS TURNOS DA MANHA E A TARDE;;;99;TIPO DE PRESTADOR NÃO INFORMADO;;;;;;;;043/2017;;2;SMS;;;;;;;;;0;1;0;0;0;0;1;0;0;0;0;0;0;0;0;0;0;0;0;0;0;0;0;0;0;0;0;0;0;0;0;0;0;0;0;1;0;0;0;0;0;1;0;0;1;0;0;0;0;1;0;0;0;0;0;0;0;0;0;0;0;0;0;0;0;0;0;0;0;0;0;0;0;0;0;0;1;0;0;0;1;0;1;0;0;0;0;0;0;0;0;0;1;0;0;0;0;0;1;1;1;0;1;1;0;0;0;0;0;0;0;0;0;0;0;0;0;0;0;0;0;0;0;1;0;0;0;0;0;0;0;0;0;0;0;0;0;0;0;0;0;0;0;0;0;0;0;0;0;0;0;0;0;0;0;0;0;0;0;1;201809;201901;2019;01;2019/01;Araguaína;ARAGUAINA;S;N;N;1790;1702;17900;-7.191;-48.207;227;4000.395;170210;TO;17;TOCANTINS;-7.19100,-48.20700
2467720;170210;77804040;00000000000000;3;Jurídica;3;Mantida;01830793000139;;;02;;;;1;M;MUNICIPAL;;;;;04;Unidade SEM atividade de Ensino;;;03;Atendimento de demanda espontânea e referenciada;36;CLINICA/CENTRO DE ESPECIALIDADE;04;ATENDIMENTO NOS TURNOS DA MANHA, TARDE E NOITE;;;99;TIPO DE PRESTADOR NÃO INFORMADO;;;;;;;;056/2017;;2;SMS;;;;;;;;;0;0;0;1;0;0;1;0;0;0;0;0;0;0;0;0;0;0;0;0;0;0;0;0;0;0;2;0;0;0;0;0;1;0;0;0;1;0;0;0;0;6;0;0;0;0;0;0;0;1;0;0;0;0;0;0;0;0;0;0;0;0;0;0;0;0;0;0;0;0;0;0;0;0;0;0;1;0;0;0;1;0;1;0;0;0;0;0;0;0;0;0;1;1;0;0;0;0;1;1;1;1;1;1;0;0;0;0;0;0;0;0;0;0;0;0;0;0;0;0;0;0;0;1;0;0;0;0;0;1;0;0;0;0;0;0;0;0;0;0;0;0;0;0;0;0;0;0;0;0;0;0;0;0;0;0;0;0;0;1;201804;201901;2019;01;2019/01;Araguaína;ARAGUAINA;S;N;N;1790;1702;17900;-7.191;-48.207;227;4000.395;170210;TO;17;TOCANTINS;-7.19100,-48.20700
2467739;170210;77804970;00000000000000;3;Jurídica;3;Mantida;01830793000139;;;02;;;;1;M;MUNICIPAL;;;;;04;Unidade SEM atividade de Ensino;;;03;Atendimento de demanda espontânea e referenciada;02;CENTRO DE SAUDE/UNIDADE BASICA;03;ATENDIMENTOS NOS TURNOS DA MANHA E A TARDE;;;99;TIPO DE PRESTADOR NÃO INFORMADO;;;;;;;;034/2017;;2;SMS;;;;;;;;;0;1;0;0;0;0;1;0;0;0;0;0;0;0;0;0;0;0;0;0;0;0;0;0;0;0;0;0;0;0;0;0;0;3;0;0;2;0;0;0;0;1;0;1;1;0;0;1;0;1;0;0;0;0;0;0;0;0;0;0;0;0;0;0;0;0;0;0;0;0;0;0;0;0;0;0;1;0;0;0;1;0;1;0;0;0;0;0;0;0;0;0;1;1;0;0;0;0;1;1;1;0;1;1;0;0;0;0;0;0;0;0;0;0;0;0;0;0;0;0;0;0;0;1;0;0;0;0;0;0;0;0;0;0;0;0;0;0;0;0;0;0;0;0;0;0;0;0;0;0;0;0;0;0;0;0;0;0;0;1;201811;201901;2019;01;2019/01;Araguaína;ARAGUAINA;S;N;N;1790;1702;17900;-7.191;-48.207;227;4000.395;170210;TO;17;TOCANTINS;-7.19100,-48.20700
2467755;170210;77814320;00000000000000;3;Jurídica;3;Mantida;01830793000139;;;02;;;;1;M;MUNICIPAL;;;;;04;Unidade SEM atividade de Ensino;;;03;Atendimento de demanda espontânea e referenciada;02;CENTRO DE SAUDE/UNIDADE BASICA;03;ATENDIMENTOS NOS TURNOS DA MANHA E A TARDE;;;99;TIPO DE PRESTADOR NÃO INFORMADO;;;;;;;;037/2017;;2;SMS;;;;;;;;;0;1;0;0;0;0;1;0;0;0;0;0;0;0;0;0;0;0;0;0;0;0;0;0;0;0;0;0;0;0;0;0;0;0;0;1;0;0;0;0;0;1;0;0;0;0;0;0;0;1;0;0;0;0;0;0;0;0;0;0;0;0;0;0;0;0;0;0;0;0;0;0;0;0;0;0;1;0;0;0;1;0;1;0;0;0;0;0;0;0;0;0;1;0;0;0;0;0;1;1;1;0;1;1;0;0;0;0;0;0;0;0;0;0;0;0;0;0;0;0;0;0;0;1;0;0;0;0;0;0;0;0;0;0;0;0;0;0;0;0;0;0;0;0;0;0;0;0;0;0;0;0;0;0;0;0;0;0;0;1;201807;201901;2019;01;2019/01;Araguaína;ARAGUAINA;S;N;N;1790;1702;17900;-7.191;-48.207;227;4000.395;170210;TO;17;TOCANTINS;-7.19100,-48.20700
2467763;170210;77824750;00000000000000;3;Jurídica;3;Mantida;01830793000139;;;02;;;;1;M;MUNICIPAL;;;;;04;Unidade SEM atividade de Ensino;;;03;Atendimento de demanda espontânea e referenciada;02;CENTRO DE SAUDE/UNIDADE BASICA;03;ATENDIMENTOS NOS TURNOS DA MANHA E A TARDE;;;99;TIPO DE PRESTADOR NÃO INFORMADO;;;;;;;;039/2017;;2;SMS;;;;;;;;;0;1;0;0;0;0;1;0;0;0;0;0;0;0;0;0;0;0;0;0;0;0;0;0;0;0;0;0;0;0;0;0;0;1;0;0;0;0;0;0;0;1;0;1;1;0;0;1;0;1;0;0;0;0;0;0;0;0;0;0;0;0;0;0;0;0;0;0;0;0;0;0;0;0;0;0;1;0;0;0;1;0;1;0;0;0;0;0;0;0;0;0;1;1;0;0;0;0;1;1;1;0;1;1;0;0;0;0;0;0;0;0;0;0;0;0;0;0;0;0;0;0;0;1;0;0;0;0;0;0;0;0;0;0;0;0;0;0;0;0;0;0;0;0;0;0;0;0;0;0;0;0;0;0;0;0;0;0;0;1;201812;201901;2019;01;2019/01;Araguaína;ARAGUAINA;S;N;N;1790;1702;17900;-7.191;-48.207;227;4000.395;170210;TO;17;TOCANTINS;-7.19100,-48.20700
2467798;170210;77807130;00000000000000;3;Jurídica;3;Mantida;01830793000139;;;02;;;;1;M;MUNICIPAL;;;;;04;Unidade SEM atividade de Ensino;;;03;Atendimento de demanda espontânea e referenciada;02;CENTRO DE SAUDE/UNIDADE BASICA;03;ATENDIMENTOS NOS TURNOS DA MANHA E A TARDE;;;99;TIPO DE PRESTADOR NÃO INFORMADO;;;;;;;;035/2017;;2;SMS;;;;;;;;;0;1;0;0;0;0;1;0;0;0;0;0;0;0;0;0;0;0;0;0;0;0;0;0;0;0;0;0;0;0;0;0;0;3;0;0;0;0;0;0;0;1;0;0;1;0;0;1;0;1;0;0;0;0;0;0;0;0;0;0;0;0;0;0;0;0;0;0;0;0;0;0;0;0;0;0;1;0;0;0;1;0;1;0;0;0;0;0;0;0;0;0;1;1;0;0;0;0;1;1;1;0;1;1;0;0;0;0;0;0;0;0;0;0;0;0;0;0;0;0;0;0;0;1;0;0;0;0;0;0;0;0;0;0;0;0;0;0;0;0;0;0;0;0;0;0;0;0;0;0;0;0;0;0;0;0;0;0;0;1;201812;201901;2019;01;2019/01;Araguaína;ARAGUAINA;S;N;N;1790;1702;17900;-7.191;-48.207;227;4000.395;170210;TO;17;TOCANTINS;-7.19100,-48.20700
2467828;170210;77808100;00000000000000;3;Jurídica;3;Mantida;01830793000139;;;02;;;;1;M;MUNICIPAL;;;;;04;Unidade SEM atividade de Ensino;;;03;Atendimento de demanda espontânea e referenciada;02;CENTRO DE SAUDE/UNIDADE BASICA;03;ATENDIMENTOS NOS TURNOS DA MANHA E A TARDE;;;99;TIPO DE PRESTADOR NÃO INFORMADO;;;;;;;;042/2017;;2;SMS;;;;;;;;;0;1;0;1;0;0;1;0;0;0;0;0;0;0;0;0;0;0;0;0;0;0;0;0;0;0;0;0;0;0;0;0;0;3;0;0;1;0;0;0;0;1;0;1;1;0;0;1;0;1;0;0;0;0;0;0;0;0;0;0;0;0;0;0;0;0;0;0;0;0;0;0;0;0;0;0;1;0;0;0;1;0;1;0;0;0;0;0;0;0;0;0;1;1;0;0;0;0;1;1;1;0;1;1;0;0;0;0;0;0;0;0;0;0;0;0;0;0;0;0;0;0;0;1;0;0;0;0;0;0;0;0;0;0;0;0;0;0;0;0;0;0;0;0;0;0;0;0;0;0;0;0;0;0;0;0;0;0;0;1;201804;201901;2019;01;2019/01;Araguaína;ARAGUAINA;S;N;N;1790;1702;17900;-7.191;-48.207;227;4000.395;170210;TO;17;TOCANTINS;-7.19100,-48.20700
2467836;170210;77827230;00000000000000;3;Jurídica;3;Mantida;01830793000139;;;02;;;;1;M;MUNICIPAL;;;;;04;Unidade SEM atividade de Ensino;;;03;Atendimento de demanda espontânea e referenciada;02;CENTRO DE SAUDE/UNIDADE BASICA;03;ATENDIMENTOS NOS TURNOS DA MANHA E A TARDE;;;99;TIPO DE PRESTADOR NÃO INFORMADO;;;;;;;;033/2017;;2;SMS;;;;;;;;;0;1;0;1;0;0;1;0;0;0;0;0;0;0;0;0;0;0;0;0;0;0;0;0;0;0;0;0;0;0;0;0;0;2;0;0;1;0;0;0;0;2;0;2;1;0;0;2;0;1;0;0;0;0;0;0;0;0;0;0;0;0;0;0;0;0;0;0;0;0;0;0;0;0;0;0;1;0;0;0;1;0;1;0;0;0;0;0;0;0;0;0;1;1;0;0;0;0;1;1;1;0;1;1;0;0;0;0;0;0;0;0;0;0;0;0;0;0;0;0;0;0;0;1;0;0;0;0;0;1;0;0;0;0;0;0;0;0;0;0;0;0;0;0;0;0;0;0;0;0;0;0;0;0;0;0;0;0;0;1;201812;201901;2019;01;2019/01;Araguaína;ARAGUAINA;S;N;N;1790;1702;17900;-7.191;-48.207;227;4000.395;170210;TO;17;TOCANTINS;-7.19100,-48.20700
2467844;170210;77818680;00000000000000;3;Jurídica;3;Mantida;01830793000139;;;02;;;;1;M;MUNICIPAL;;;;;04;Unidade SEM atividade de Ensino;;;03;Atendimento de demanda espontânea e referenciada;02;CENTRO DE SAUDE/UNIDADE BASICA;03;ATENDIMENTOS NOS TURNOS DA MANHA E A TARDE;;;99;TIPO DE PRESTADOR NÃO INFORMADO;;;;;;;;048/2017;;2;SMS;;;;;;;;;0;1;0;0;0;0;1;0;0;0;0;0;0;0;0;0;0;0;0;0;0;0;0;0;0;0;0;0;0;0;0;0;0;0;0;1;1;0;0;0;0;1;0;1;1;0;0;0;0;1;0;0;0;0;0;0;0;0;0;0;0;0;0;0;0;0;0;0;0;0;0;0;0;0;0;0;1;0;0;0;1;0;1;0;0;0;0;0;0;0;0;0;1;1;0;0;0;0;1;1;1;0;1;1;0;0;0;0;0;0;0;0;0;0;0;0;0;0;0;0;0;0;0;1;0;0;0;0;0;0;0;0;0;0;0;0;0;0;0;0;0;0;0;0;0;0;0;0;0;0;0;0;0;0;0;0;0;0;0;1;201812;201901;2019;01;2019/01;Araguaína;ARAGUAINA;S;N;N;1790;1702;17900;-7.191;-48.207;227;4000.395;170210;TO;17;TOCANTINS;-7.19100,-48.20700
2493993;170210;77804030;02548075000137;3;Jurídica;1;Individual;00000000000000;;;;;;;0;M;MUNICIPAL;;;;;04;Unidade SEM atividade de Ensino;;;03;Atendimento de demanda espontânea e referenciada;36;CLINICA/CENTRO DE ESPECIALIDADE;03;ATENDIMENTOS NOS TURNOS DA MANHA E A TARDE;;;99;TIPO DE PRESTADOR NÃO INFORMADO;001;06386;00000000070335;;;;;598;20120828;2;SMS;;;;;;;;;0;0;0;1;0;0;1;0;0;0;0;0;0;0;0;0;0;0;0;0;0;0;0;0;0;0;0;0;0;0;0;0;0;0;6;0;0;0;0;0;0;0;0;0;0;0;0;0;0;1;0;0;0;0;0;0;0;0;0;0;0;0;0;0;0;0;0;0;0;0;0;0;0;0;0;0;1;0;0;0;0;0;0;0;0;0;0;0;0;0;1;0;0;1;0;0;0;0;1;0;0;0;1;1;0;0;0;0;0;0;0;0;0;0;0;0;0;0;0;0;0;0;0;0;1;0;0;0;0;0;1;0;0;0;0;0;0;0;0;0;0;0;0;0;0;0;0;0;0;0;0;0;0;0;0;0;0;0;0;1;201702;201901;2019;01;2019/01;Araguaína;ARAGUAINA;S;N;N;1790;1702;17900;-7.191;-48.207;227;4000.395;170210;TO;17;TOCANTINS;-7.19100,-48.20700
2494027;170210;77803120;26959338000169;3;Jurídica;1;Individual;00000000000000;;;;;;;1;M;MUNICIPAL;;;;;04;Unidade SEM atividade de Ensino;;;02;Atendimento de demanda referenciada;39;UNIDADE DE APOIO DIAGNOSE E TERAPIA (SADT ISOLADO);03;ATENDIMENTOS NOS TURNOS DA MANHA E A TARDE;;;99;TIPO DE PRESTADOR NÃO INFORMADO;001;06386;303003;;;;;128/2016;;2;SMS;;;;;;;;;0;0;0;1;0;0;1;0;0;0;0;0;0;0;0;0;0;0;0;0;0;0;0;0;0;0;0;0;0;0;0;0;0;0;0;3;0;0;0;0;0;0;0;0;0;0;0;0;0;1;0;0;0;0;0;0;0;0;0;0;0;0;0;0;0;0;0;0;0;0;0;0;0;0;0;0;1;0;0;0;0;0;1;0;0;0;0;0;0;0;0;0;0;1;0;0;0;0;1;1;0;0;1;1;0;0;0;0;0;0;0;0;0;0;0;0;0;0;0;0;0;0;0;0;1;1;1;0;0;1;1;0;0;0;0;0;0;0;0;0;0;0;0;0;0;0;0;0;0;0;0;0;0;0;0;0;0;0;0;1;201809;201901;2019;01;2019/01;Araguaína;ARAGUAINA;S;N;N;1790;1702;17900;-7.191;-48.207;227;4000.395;170210;TO;17;TOCANTINS;-7.19100,-48.20700
2494043;170210;77818834;00000000000000;3;Jurídica;3;Mantida;01830793000139;;;02;;;;1;M;MUNICIPAL;;;;;04;Unidade SEM atividade de Ensino;;;03;Atendimento de demanda espontânea e referenciada;50;UNIDADE DE VIGILANCIA EM SAUDE;03;ATENDIMENTOS NOS TURNOS DA MANHA E A TARDE;;;99;TIPO DE PRESTADOR NÃO INFORMADO;;;;;;;;055/2017;;2;SMS;;;;;;;;;0;1;0;0;0;0;1;0;0;0;0;0;0;0;0;0;0;0;0;0;0;0;0;0;0;0;0;0;0;0;0;0;0;0;0;0;0;0;0;0;0;0;0;0;0;0;0;0;0;0;0;0;0;0;0;0;0;0;0;0;0;0;0;0;0;0;0;0;0;0;0;0;0;0;0;0;0;0;0;0;0;0;1;0;0;0;0;0;0;0;0;0;1;1;0;0;0;0;1;0;0;0;1;1;0;0;0;0;0;0;0;0;0;0;0;0;0;0;0;0;0;0;0;0;0;0;0;0;0;0;0;0;0;0;0;0;0;0;0;0;0;0;0;0;0;0;0;1;0;0;0;0;0;0;0;0;0;0;0;1;201809;201901;2019;01;2019/01;Araguaína;ARAGUAINA;S;N;N;1790;1702;17900;-7.191;-48.207;227;4000.395;170210;TO;17;TOCANTINS;-7.19100,-48.20700
